project,task_id,response,assessment,reqid,project_id,project_name
,655419f58975e2e8b01cfb70,"""**Improved answer:**\n\nThe statement, \""The fatigue limit is the number of cycles after which the material becomes fatigue,\"" is false. The fatigue limit is the maximum stress that a material can withstand for an infinite number of cycles without failing due to fatigue. It is the stress level rather than the number of cycles that determines the fatigue limit.\n\nTo understand this concept further, let's consider a material with a fatigue limit of $400\\ \\text{MPa}$. This means that the material can withstand any number of cycles below $400\\ \\text{MPa}$ without failing due to fatigue. However, if the applied stress exceeds $400\\ \\text{MPa}$, the material will eventually fail, even if the number of cycles is only a few.\n\nTherefore, the fatigue limit is a critical parameter in material selection for applications where cyclic loading is common. Materials with high fatigue limits are preferred, as they can withstand the stresses associated with cyclic loading without failing prematurely.\n\nIn conclusion, the statement \""The fatigue limit is the number of cycles after which the material becomes fatigue\"" is false. The fatigue limit is the maximum stress that a material can withstand for an infinite number of cycles without failing due to fatigue.  Not all materials have a well-defined fatigue limit, and for some materials, fatigue can occur even at low-stress amplitudes.\n\nFinal answer: False.\n""","Error: ""The fatigue limit is the number of cycles after which the material becomes fatigue,"" is false. The fatigue limit is",clp0pvqlq00n21apm0mpafto9,6552611390f5ee167ef420e8,Physics Single Turn 
,655419f68cd5ca86541d3933,"""**Improved Answer:**\n\nTo calculate the weight on Mars, we first need to determine the surface gravity of Mars, which is given by the formula:\n\ng' = G \\* $(M_m / R_m^{2})$\n\nwhere G is the gravitational constant, $M_m$ is the mass of Mars, and $R_m$ is the radius of Mars.\n\nThe mass of Mars is 6.4 x $10^{23}$ kg, and its radius is 3.4 x $10^{6}$ m. Plugging these values into the formula above, we get:\n\ng' = (6.674 x $10^{-11} N*m^{2}/kg^{2}$) \\* (6.4 x $10^{23}$ kg) / $(3.4 * 10^{6} m)^{2}$\n\ng' = 3.7 m/$s^{2}$\n\nNow, we can calculate the weight on Mars using the formula:\n\nW' = M \\* g'\n\nwhere M is the mass of the object (in this case, 68 kg).\n\nW' = 68 kg \\* 3.7 m/$s^{2}$\n\nW' = 251.6 N\n\nTherefore, if you weigh 150 pounds (667 N) on Earth, you would weigh approximately 251.6 N on the surface of Mars.\n\nFinal answer: The weight on Mars would be approximately 251.6 N, calculated using the formula for surface gravity and the given values for Mars' mass and radius.\n""","Error: ""Therefore, if you weigh 150 pounds (667 N) on Earth, you would weigh approximately 251.",clp0pvrxb00n81apmfnnqfjri,6552611390f5ee167ef420e8,Physics Single Turn 
,655419f6a390cd6d62bcb687,"""**Improved answer:**\n\nTo find the equivalent resistance of the parallel combination of resistors, we can use the formula:\n\n$R_{eq} = 1 / (1/R_1 + 1/R_2 + 1/R_3)$\n\nWhere $R_1=110Ω$, $R_2=210Ω$, and $R_3=17Ω$.\n\nFirst, let's analyze the concept behind parallel resistance. When resistors are connected in parallel, the total resistance decreases because the current has multiple paths to flow. The reciprocal formula is used to calculate the equivalent resistance, which is the resistance that a single resistor would have to match the total current flowing through the parallel resistors.\n\nNow, let's calculate the equivalent resistance:\n\n$R_{eq} = 1 / (1/110 + 1/210 + 1/17)$\n\n$R_{eq} = 1 / (0.009 + 0.005 + 0.058)$\n\n$R_{eq} = 1 / 0.0628$\n\n$R_{eq} = 16Ω$\n\nFinal answer: The equivalent resistance of the parallel combination of resistors 110 Ω, 210 Ω, and 17 Ω is approximately 16 Ω.\n""",No Error,clp0pvtne04ri1as315tdcwta,6552611390f5ee167ef420e8,Physics Single Turn 
,655419f68cd5ca86541d3932,"""To determine the radius of the circular path followed by the electron, we can use the formula for the radius of a circular path in a magnetic field, which is given by:\n\nR = (mv)/(qB)\n\nwhere m is the mass of the electron, v is its velocity, q is its charge, and B is the magnetic field intensity.\n\nFirst, we need to find the velocity of the electron. We can use the kinetic energy of the electron, which is given as \n\nK = 4.40 x 10^-17 J to find the velocity. We know that the kinetic energy of a particle is given by:\n\nK = (1/2)mv^2\n\nSo, we can rearrange this equation to solve for v:\n\nv = sqrt(2K/m)\n\nNow, we can plug in the given values for K and m:\n\nv = sqrt((2 x 4.40 x 10^-17)/ 9.1 x 10^-31)\n\nv = 9.834 x 10^6 m/s\n\nNow, we can use the equation for the radius of the circular path to find R:\n\nR = (mv)/(qB)\n\nR = ((9.1 x 10^-31) x (9.834 x 10^6 m/s))/((1.6 x 10^-19) x (5.40 x 10^-5))\n\nR = 1.035 m\n\nTherefore, the radius of the circular path of the electron in the magnetic field is 1.035 m.\n\nFinal answer: The radius of the circular path of the electron with kinetic energy of 4.40 x 10^-17 J in the magnetic field of 5.40 x 10^-5 tesla is 1.035 m.\n""",No Error,clp0pvu7400nd1apm9rspas5r,6552611390f5ee167ef420e8,Physics Single Turn 
,655419f5f06ec7ff8f8278f5,"""**Improved answer:**\n\nThe problem states that the woodpecker exerts a force of $250\\ \\text{N}$ on the tree trunk, and we need to find the acceleration of its head away from the tree trunk. To do this, we can use Newton's second law of motion, which states that the force applied to an object is equal to its mass times its acceleration. Mathematically, this is represented as:\n\n$F = ma$\n\nwhere F is the force applied, m is the mass of the object, and a is the acceleration of the object.\n\nIn this case, the mass of the woodpecker's head is given as $0.027\\ \\text{kg}$. \n\nNow, we need to solve for a, which represents the acceleration of the woodpecker's head away from the tree trunk. To do this, we can divide both sides of the equation by the mass of the head:\n\n$a = F / m$\n\n$a = \\frac{250\\ \\text{N} }{0.027\\ \\text{kg}}$\n\n$a = 9259.26 m/s^2$\n\nTherefore, the acceleration of the woodpecker's head away from the tree trunk is $9259.26 m/s^2$.\n\nIt's important to note that the acceleration is in the opposite direction of the force applied, which means that the woodpecker's head will move away from the tree trunk with a force equal to the force applied by the woodpecker.\n\nFinal answer: The acceleration of the woodpecker's head away from the tree trunk is $9259.26 m/s^2$.\n""",No Error,clp0pvuwu023w1aqi6p867dfd,6552611390f5ee167ef420e8,Physics Single Turn 
,655419f5e1ae1c30330ca7b1,"""**Improved answer:**\n\nThe problem involves calculating the change in momentum of a baseball when it is pitched and then batted.\n\nThe mass of the baseball is given as $m = 1.1 \\ \\text{kg}$. The initial velocity of the ball when it is pitched is $v_i = 25 \\ \\text{m/s}$, and the final velocity when it is batted back to the pitcher is $v_f = 37 \\ \\text{m/s}$.\n\nFirst, we need to determine the initial and final momenta of the ball. The momentum of an object is equal to its mass multiplied by its velocity. Therefore, the initial momentum of the ball is:\n\n$p_i = m \\times v_i \\Rightarrow\np_i = 1.1\\ \\text{kg} \\times 25 \\ \\text{m/s} = 27.5 \\ \\text{kg m/s}$\n\nSimilarly, the final momentum of the ball is:\n\n$p_f = m \\times v_f \\Rightarrow\np_f = 1.1 \\ \\text{kg} \\times 37 \\ \\text{m/s} = 40.7 \\ \\text{kg m/s}$\n\nNow, we can calculate the change in momentum of the ball:\n\n$\\Delta p = p_f - p_i\n\\Rightarrow \\Delta p = 40.7 \\ \\text{kg m/s} - 27.5 \\ \\text{kg m/s} = 13.2 \\ \\text{kg m/s}$\n\nSince the change in momentum is a vector quantity, we need to specify its direction. Since the ball is moving towards the pitcher after being batted, the change in momentum is opposite to the direction of the final velocity. Therefore, the change in momentum is:\n\n$\\Delta p = -13.2 \\ \\text{kg m/s}$ (towards the pitcher)\n\nAlternatively, we can also express the change in momentum as:\n\n$\\Delta p = m \\times (v_f - v_i)\n\\Rightarrow \\Delta p = 1.1 \\ \\text{kg} \\times (-37\\ \\text{ m/s} + 25 \\ \\text{ m/s}) = -13.2\\ \\text{ kg m/s}$ (towards pitcher)\n\nTherefore, the change in momentum of the baseball is $-13.2\\ \\text{ kg m/s}$ (towards the pitcher).\n\nFinal answer: The change in momentum of the baseball is $-13.2 \\ \\text{kg m/s}$ (towards the pitcher).\n""","Error: ""The mass of the baseball is given as $m = 1.1 \\ \\text{kg}$.""",clp0pvvix02411aqih9cqe3fk,6552611390f5ee167ef420e8,Physics Single Turn 
,655419f5e75b6059accd4289,"""**Improved answer:**\n\nThe CD player starts from rest and accelerates to a final angular frequency of $\\omega_f = 9250 \\ \\text{rpm}$.\n\nTo determine the time taken to achieve this final rotational speed, we can use the first equation of kinematics for rotational motion:\n\n$\\omega_f = \\omega_i + \\alpha t$ \n\nwhere $\\omega_f$ is the final angular frequency, $\\omega_i$ is the initial angular frequency (which is $0 \\ \\text{r/s}$ in this case), and $\\alpha$ is the angular acceleration defined as $\\alpha = \\frac{d\\omega}{dt} $.\n\nWe are given that angular acceleration $ \\alpha = 375\\ \\text{ r/s}$$^2$ \n\nSo we can plug in the values to get:\n\n$ 9250 \\ \\text{rpm} \\times \\frac{2\\pi}{60\\degree} = 0 + 375 \\ \\text{r/s}^2 t$\n\nNow, we can solve for $t$:\n\n$t = \\frac{968.6577 - 0}{ 375}$\n\n$t = 2.583 \\ \\text{s}$\n\nTherefore, it will take the CD player $2.583$ seconds to attain a rotational speed of $9250\\ \\text{rpm}$.\n\nFinal answer: The time taken to attain final rotational speed is equal to $ 2.583\\ \\text{s}$\n\nExplanation:\n\nThe first equation of kinematics for rotational motion is used to determine the time taken to achieve the final angular frequency. The equation relates the final angular frequency to the initial angular frequency and the time taken to achieve the final frequency. In this case, the initial angular frequency is $0\\ \\text{r/s}$ since the CD player starts at rest. The final angular frequency is given as $9250 \\ \\text{rpm}$, which is equivalent to $968.6577\\ \\text{r/s}$. The angular acceleration is also given as $375 \\ \\text{r/s}^2$. By plugging in these values, we get a simple equation that can be solved for time. The solution is $2.583$ seconds, which means it will take the CD player $2.583$ seconds to attain a rotational speed of $9250\\  \\text{rpm}$.\n""",No Error,clp0pvwxb02461aqi810f740d,6552611390f5ee167ef420e8,Physics Single Turn 
,655419f5d6c65b3b45affdb6,"""**Improved answer:**\n\nRF (Radio Frequency) and Optical signals are both EM (Electro Magnetic) waves, but they differ in their frequency ranges. RF waves have frequencies ranging from 3 kHz to 300 GHz, while Optical signals have frequencies ranging from 300 GHz to 3000 THz.\n\nWhile it is true that RF antennas can collect frequencies up to 300 GHz, they are not designed to detect the higher frequency ranges of optical signals. They are often designed  to interact with radio-frequency signals and collect or process the signals.\n\nTherefore, it is not practical to use an RF antenna to collect optical EM waves.\n\nTo summarize, while RF and Optical signals are both EM waves, they have distinct differences in their frequency ranges, and it is not feasible to use an RF antenna to detect optical signals. Devices specifically designed for handling optical signals, such as photodetectors and optical fibers, are employed for this purpose.\n\nFinal answer: **False.**\n""",No Error,clp0pvxp902rf1as613nu3jjm,6552611390f5ee167ef420e8,Physics Single Turn 
,655419f5b8d5eb8d4be48f03,"""**Improved answer:**\n\nA particular computer takes 43 nanoseconds to carry out five sums and seven products. It takes 36 nanoseconds to carry out four sums and six products. To determine how long the computer takes to carry out one sum and one product, we can use the given information to solve for the time taken for each operation.\n\nLet the time taken to solve one sum be x and the time taken to solve one product be y. Then, we can write the following equations:\n\nTotal time taken to do 5 sums and seven products: \n\n5x + 7y = 43 ... (1)\n\nTotal time taken to do 4 sums and 6 products: \n\n4x + 6y = 36 ... (2)\n\nNow, we can solve these two simultaneous equations to find the time taken for each operation. By multiplying equation (1) by 4 and equation (2) by 5, and then subtracting equation (2) from equation (1), we get:\n\n-2y = -8\n\ny = 4\n\nNow, we can solve for x by substituting the value of y in equation (1), we get:\n\n5x + 7\\*4 = 43\n\n5x = 43 - 28 = 15\n\nx = 3\n\nTherefore, the time taken to carry out one sum is 3 nanoseconds, and the time taken to carry out one product is 4 nanoseconds.\n\nFinal answer: The computer takes 3 nanoseconds to carry out one sum and 4 nanoseconds to carry out one product.\n""",No Error,clp0pvyc002rk1as601b6fak5,6552611390f5ee167ef420e8,Physics Single Turn 
,655419f6a390cd6d62bcb688,"""**Improved answer:**\n\nThe question involves the application of the principle of relative velocity, which states that the velocity of an object relative to an observer depends on the velocity of the observer and the velocity of the object relative to the observer. In this case, we need to find the velocity of the train relative to the ground.\n\nWe know that the passenger's speed relative to the train is $2.50 m/s$ due north. Therefore, the velocity of the passenger relative to the ground is $4.5 m/s$ at an angle of $35.0\\degree$ west of north.\n\nTo find the velocity of the train relative to the ground, we can use the expression for relative velocity:\n\n$v_{tg} = v_{tp} + v_{pg}$\n\nwhere $v_{tg}$ is the velocity of the train relative to the ground, $v_{tp}$ is the velocity of the train relative to the passenger, and $v_{pg}$ is the velocity of the passenger relative to the ground.\n\n$v_{tp} = -4.5 \\sin 35\\degree$ and $v_{pg} = 4.5 \\cos 35\\degree$\n\n$v_{tp} = -2.58, v_{pg} = 3.686$\n\nUsing the Pythagorean theorem, we can find the magnitude of the velocity:\n\n$v_{tg} = \\sqrt{(2.58)^2 + (3.686)^2}$\n\n$v_{tg} = 4.49 m/s$\n\nWe can also use the tangent function to find the direction of the velocity:\n\n$\\tan \\theta  = \\frac{2.58}{3.686}$\n\n$\\theta = 61\\degree$\n\nTherefore, the velocity of the train relative to the ground is $4.49 m/s$, and it is moving $61\\degree$ west of north.\n\nFinal answer: The speed (magnitude of velocity) of the train relative to the ground is $4.49 m/s$. It is moving $61\\degree$ W of N.\n""",No Error,clp0pvyz700tl1atya24v00dg,6552611390f5ee167ef420e8,Physics Single Turn 
,655419f5b8d5eb8d4be48f04,"""**Improved answer:**\n\nThe energy of a photon can be calculated using the formula:\n\n$E = \\frac{h  c}{ \\lambda}$\n\nwhere $E$ is the energy of the photon, $h$ is Planck's constant ($6.626 \\times 10^{-34}$ joules-second), $c$ is the speed of light ($3 \\times 10^8$ meters per second), and $\\lambda$ is the wavelength of the photon.\n\nGiven that the wavelength of the photon is $\\lambda = 325.6 nm= 325.6 \\times 10^{-9}m$, we can plug this value into the formula along with the other known values:\n\n$E = \\frac{6.626 \\times 10^{-34} j-s \\times  3 × 10^8 m/s}{ 325.6 × 10^{-9} m}$\n\n$E = 0.061050368 \\times 10^{-17}$ joules\n\n$E = 6.1050368 \\times 10^{-19}$ joules\n\nTherefore, the energy of the photon is $6.1050368 \\times 10^{-19}$ joules.\n\nFinal answer: The energy of the photon is $6.1050368 \\times 10^{-19}$ joules.\n""",No Error,clp0pvzwy04rn1as30yvj879t,6552611390f5ee167ef420e8,Physics Single Turn 
,655419f561928b51b2365c3d,"""**Improved answer:**\n\nThe electric field between two metal plates can be calculated using the equation:\n\n$E = \\frac{V}{D}$\n\nwhere $E$ is the electric field, $V$ is the potential difference between the plates, and $D$ is the distance between the plates. In this case, the potential difference is $V = 0.10 kV$, and the distance is $12$ inches.\n\nFirst, we need to convert the distance from inches to meters. $1$ inch is equal to $2.54$ cm, so:\n\n$D = 12\\ \\text{inches}$ $\\times (2.54 \\text{cm/inch}) = 30.48$ cm\n\nNow, plugging in the values, we can calculate the electric field:\n\n$E = \\frac{V}{D} = \\frac{0.10 kV}{30.48 cm} = \\frac{100 V}{ 30.48 cm} = 3.28 V/m$\n\nTherefore, the electric field between the two metal plates is $3.28 V/m$.\n\nFinal answer: The electric field between the two metal plates is $3.28 V/m.$\n""","Error: ""$E = \\frac{V}{D} = \\frac{0.10 kV}{30.48",clp0pw0mb00tq1aty8zghd4nu,6552611390f5ee167ef420e8,Physics Single Turn 
,655419f561928b51b2365c3b,"""**Improved answer:**\n\nThe average induced emf in a coil can be calculated using Faraday's law of induction, which states that the emf ($\\epsilon$) is equal to the negative of the time rate of change of the magnetic flux ($\\phi$) through the coil. \n\nMathematically,\n\n$\\epsilon = - \\frac{d \\phi}{dt}$\n\nThe magnetic flux, in turn, is given by the product of the magnetic field strength and the area enclosed by the coil.\n\nIn this case, the coil has a diameter of $d = 18.7 cm$, which gives a radius of $r = d/2 = 0.0935 m$.\n\nThe initial magnetic field strength is $B_u = 0.77 T$, pointing upwards, and the final magnetic field strength is $B_d = 0.33 T$, pointing downwards. The time interval over which the field is changed is $ 0.20 s$\n\nTo calculate the average induced emf, we first need to calculate the magnetic flux through the coil.\n\nThe area enclosed by the coil is given by \n\n$A = \\pi r^2$\n\nwhere $r$ is the radius of the coil.\n\nTherefore, the magnetic flux is given by:\n\n$\\phi  = B \\cdot A $\n\nNow, we can calculate the average induced emf using Faraday's law of induction:\n\n$\\epsilon = - \\frac{d\\phi}{dt}$\n\n$= - \\frac{\\pi \\times (0.0935 m)^2 \\times (0.77 T - 0.33 T)}{ 0.20 s}$\n\n$=- \\frac{\\pi \\times (0.0935 m)^2 \\times 0.44 T}{ 0.20 s} =  - 0.06 V$\n\nTherefore, the average induced emf in the coil is $0.06 V$.\n\nFinal answer:\nThe average induced emf in the coil is $0.06 V$, calculated using Faraday's law of induction and the given values of the magnetic field strength, coil radius, and time interval.\n""","Error: ""Therefore, the average induced emf in the coil is $0.06 V$.\n\nFinal answer",clp0pw1sk00141arwe5u49mo5,6552611390f5ee167ef420e8,Physics Single Turn 
,655419f6eebd4be409602fc6,"""The wavelength of an electron accelerated through a 23.8-kV potential can be found using the de Broglie equation, which relates wavelength and momentum (p = mv) and is given by:\n\nλ = h / mv\n\nwhere λ is the de Broglie wavelength of the electron, h is the Planck constant, m is the mass of the electron, and v is the velocity of the electron.\n\nTo find the momentum (p = mv) of the electron, we use the equation:\n\np (= mv) = sqrt(2mK)\n\nWhere m is the mass of the electron (9.11 x 10^(-31) kg), K is the kinetic energy of the electron.\n\nSince the electron is accelerated through a potential difference (V), we can find the kinetic energy using the equation:\n\nK = eV\n\nWhere e is the charge of the electron (approximately -1.60 x 10^(-19) C), V is the potential difference (23.8 kilovolts).\n\nSo, λ = h / sqrt(2meV)\n\nNext, we can substitute the values for the Planck constant, mass of the electron, charge of the electron, and potential difference:\n\nh = 6.63 x 10^-34 Js,\nm = 9.11 x 10^-31 kg,\ne = 1.60 x 10^-19 C, and V = 23.8 x 10^3 V.\n\nNow we can plug in the values and simplify:\n\nλ = (6.63 x 10^-34 Js) / (sqrt(2 x 9.11 x 10^-31 kg x 1.6 x 10^-19 C x 23.8 x 10^3 V))\n\nSimplifying, we get:\n\nλ = 7.96 x 10^-12 m\n\nTherefore, the wavelength of an electron accelerated through a 23.8-kV potential is 7.96 x 10^-12 m.\n\nFinal answer: The wavelength of an electron accelerated through 23.8-kV potential is 7.96 x 10^-12 m.\n""",No Error,clp0pw3dv00nk1apm343hag06,6552611390f5ee167ef420e8,Physics Single Turn 
,655419f6355eb5e3ad4f499f,"""**Improved answer:**\n\nWhen you get a negative per cent error, it means that the experimental value is less than the accepted value. This can occur when measuring physical quantities such as acceleration due to gravity, where the accepted value is 9.8m/$s^{2}$. If the experimental value is 9.7m/s2, the per cent error would be calculated as follows:\n\n% error = |experimental value - accepted value| / accepted value = |9.7 - 9.8| / 9.8 = - 1.020%\n\nAs the formula shows, the per cent error is negative because the experimental value is less than the accepted value. This means that the measurement made was lower than the true value.\n\nIt is important to understand that a negative per cent error does not necessarily mean that the measurement was incorrect or that there was an error in the experiment. It could simply indicate that the experimental conditions were not ideal, or that there was a slight variation in the measurement tool.\n\nIn fact, in some cases, a negative percentage error can be beneficial. For example, when a scientist is trying to determine the acceleration due to gravity on a different planet, a negative per cent error would suggest that the planet's gravity is weaker than Earth's.\n\nTo summarize, a negative per cent error happens when the experimental value is less than the accepted value. It is essential to consider the implications of a negative per cent error and not assume that it necessarily means the measurement was incorrect.\n\nFinal answer: A negative per cent error means that the experimental value is less than the accepted value, and it can have significance in certain contexts.\n""",No Error,clp0pw3zm00np1apm8watgjh2,6552611390f5ee167ef420e8,Physics Single Turn 
,655419f6355eb5e3ad4f49a1,"""**Improved version:**\n\nIf we double the length and half the diameter of a copper wire, the new resistance can be calculated using Ohm's law, which states that resistance is directly proportional to the length and inversely proportional to the cross-sectional area.\n\nFirst, let's find the new cross-sectional area of the wire. The area of a circle is given by A = π$r^2$, where r is the radius of the circle. Since we halved the diameter, the new radius is half of the original radius, which means the new area is a quarter of the original area.\n\nSo, the new cross-sectional area is:\n\n$A_{new}$ = π$(d/2)^2$ = π$d^2/4$ \n\n$A_{new} = A_0/4$\n\nNow, let's find the new length of the wire. Since we doubled the length, the new length is twice the original length:\n\n$L_{new} = 2L_0$\n\nNow, we can use Ohm's law to calculate the new resistance:\n\n$R_{new} = R_0 * (L_{new}/L_0) / (A_{new}/A_0)$\n\nSubstituting the values we found, we get:\n\n$R_{new} = R_0 * (2L_0/L_0) / (A_0/4A_0) = R_0 * 2 * 4 = 8 * R_0$\n\nTherefore, the new resistance of the wire is eight times the original resistance.\n\nFinal answer: The new resistance of the wire is eight times the original resistance.\n""",No Error,clp0pw4qi00tw1atyhwls0cuq,6552611390f5ee167ef420e8,Physics Single Turn 
,655419f67620487f21cfbd5e,"""**Improved answer:**\n\nThe coefficient of kinetic friction between the plastic wheels of the cart and the wooden ramp is 0.4, and the cart starts from a height of 4m. To calculate how far the cart would go before it stops, we can use the concept of conservation of mechanical energy. The initial potential energy the cart has when it starts from a height of 4 meters will be converted into kinetic energy as it moves down the ramp. Eventually, the kinetic energy will be completely dissipated due to friction, and the cart will come to a stop.\n\nThe equation for the conservation of mechanical energy is:\n\nInitial Potential Energy = Final Kinetic Energy + Work Done Against Friction\n\nWe can write this equation as:\n\nmgh = 1/2$mv^{2}$ + fd\n\nWhere:\n\n*   m = mass of the cart\n*   g = acceleration due to gravity (approx. 9.81$m/s^{2}$)\n*   h = initial height (4m)\n*   v = final velocity of the cart (0m/s, since the cart comes to a complete stop)\n*   f = frictional force on the cart (equal to μmg)\n*   d = distance travelled by the cart before it comes to rest\n\nSubstituting the values, we get:\n\nmgh = 1/2m$(0)^{2}$ + (μmg)d\n\nmgh = 0 + (μmg)d\n\nh = μd\n\n4 = 0.4d\n\nd = 10m\n\nTherefore, the cart will travel a distance of 10m before it comes to rest.\n\nFinal answer: The cart will travel a distance of 10m before it comes to rest due to the frictional force of 0.4μmg.\n""",No Error,clp0pw5cg00191arw41sl6y47,6552611390f5ee167ef420e8,Physics Single Turn 
,655419f5355eb5e3ad4f4965,"""**Improved answer:**\n\nThe force on an object can be calculated using Newton's second law of motion, which states that the force ($F$) on an object is equal to its mass ($m$) multiplied by its acceleration ($a$). Mathematically, this is represented as:\n\n$F = ma$\n\nIn this case, we are given that the object has a mass of 540 $kg$ and an acceleration of 2.3 $m/s^{2}$. To calculate the force, we can plug these values into the equation:\n\n$F = ma$ = (540 $kg$) \\* (2.3 $m/s^{2}$)\n\n$F$= 1242 $N$\n\nTherefore, the force on the object is 1242 $N$.\n\nFinal answer: The force on the object is 1242 $N$.\n""",No Error,clp0pw68600nu1apmgpzzc2a5,6552611390f5ee167ef420e8,Physics Single Turn 
,655419f58246c1a175ef8af0,"""**Improved answer:**\n\nA hot air balloon rises at a rate of 16 meters per second. At four seconds, the balloon is 68.5 meters from the ground. To find the beginning height, we can use the equation for uniform motion:\n\n$h = v*t$\n\nwhere $h$ is the height, $v$ is the rate of rise (16 m/s), and $t$ is the time (4 s).\n\nPlugging in the values, we get:\n\n$h = 16*4\nm = 64 m$\n\nThe beginning height is the total height minus the height risen in 4 seconds:\n\n$H = (68.5 - 64) m = 4.5 m$\n\nTherefore, the beginning height of the hot air balloon was 4.5 meters from the ground.\n\nFinal answer: Hence, the beginning height of the hot air balloon was 4.5 meters from the ground.\n""","Error: ""The beginning height is the total height minus the height risen in 4 seconds:\n\n$H = (",clp0pw70w00u31aty3zc3eq7u,6552611390f5ee167ef420e8,Physics Single Turn 
,655419f5e1ae1c30330ca7b2,"""**Improved answer:**\n\nThe problem requires us to calculate the increased time taken to travel the same distance at a lower speed. We will use the formula:\n\nWe know the formula for time is\n\n$t \\ (\\text{Time}) = \\frac{d \\ (\\text{Distance})}{  v \\ (\\text{Speed})}$\n\nFirst, we need to calculate the total distance traveled. We know that the distance between Manila and Batangas is $105 km$.\n\nNext, we will calculate the time taken at the original speed of $105 km/hr$. We know that time is equal to the distance\n\n$\\text{Distance} = {105 km/hr \\times 2.16 hr} = 227.4 \\ \\text{km}$\n\nNow, we need to calculate the time taken at the reduced speed of $80 km/hr$. We will use the same formula:\n\n$\\text{Time} = \\frac{227.4 km }{ 80 km/hr} =  2.84 \\ \\text{hr}$\n\nTo find the increased time, we will subtract the original time from the new time:\n\n$\\text{Increased Time} = 2.84\\ \\text{ hr} \\ - 2.16 \\ \\text{hr} \\ = 0.68 \\ \\text{hr}$ or $40.8$ $\\text{min}$\n\nTherefore, the increased time taken to travel the same distance at a lower speed of $80 km/hr$ is $40.8$ minutes.\n\nFinal answer: The increased time is $40.8$ minutes.\n""","Error: ""$\text{Distance} = {105 km/hr \times 2.16 hr} = 227.",clp0pw8ai001f1arwemb1f1b2,6552611390f5ee167ef420e8,Physics Single Turn 
,655419f6f06ec7ff8f827935,"""**Improved answer:**\n\nTo find out the final velocities of the two spheres, let us first look into the given quantities.\n\nGiven that:\n\n$m_1 = 8.50 kg,\nm_2 = 5 kg,\nu_1 = 6 m/s,\nu_2 = 0 m/s$\n\nwhere $m_1$, $u_1$, $v_1$ is the mass, initial and final velocity of the first sphere, respectively, and $m_2, u_2, v_2$ is the mass, initial, and final velocity of the second sphere, respectively.\n\nUsing the principle of conservation of momentum and energy, we can derive the final velocities of both spheres after the collision.\n\nFirst, we use the momentum conservation law:\n\n$m_1 u_1 + m_2 u_2 = m_1 v_1 + m_2 v_2$\n\nSubstituting the given values:\n\n$8.50(6) + 5(0) = 8.50(v_1) + 5(v_2)$\n\n$\\Rightarrow 8.5 v_1 + 5v_2 = 51$\n\nNext, we use the energy conservation law:\n\n$\\frac{1}{2}m_1 u_1^2 + \\frac{1}{2}m_2u_2^2 = \\frac{1}{2}m_1 v_1^2 + \\frac{1}{2}m_2v_2^2$\n\nSubstituting the given values:\n\n$\\frac{1}{2} (8.50) 6^2 + \\frac{1}{2}(5)0^2 = \\frac{1}{2}(8.50)v_1^2 + \\frac{1}{2}(5)v_2^2$\n\n$\\Rightarrow 4.25 v_1^2 + 2.5 v_2^2 = 153$\n\nSolving the simultaneous equation of $v_1$ and $v_2$, we get,\n\n$v_1 = 1.55 m/s$ and $v_2 = 7.55 m/s$\n\nTherefore, the final velocities of the spheres after the collision are $v_1 = 1.55 m/s$ and $v_2 = 7.55 m/s$.\n\nFinal answer: $(1.55, 7.55) m/s$.\n""",No Error,clp0pw9ml00u91aty2r1egdar,6552611390f5ee167ef420e8,Physics Single Turn 
,655419f5e1ae1c30330ca7b3,"""**Improved answer:**\n\nWhen an object is placed in a liquid, it displaces a volume of the liquid to its own volume.  The buoyant force exerted on an object immersed in a liquid is directly proportional to the volume of the object that is submerged. This means that if the volume of the object is increased while the density of the liquid remains constant, the buoyant force will also increase.\n\nThe formula for buoyant force, $F_B$, is given by:\n\n$F_B = V \\rho g$\n\nwhere $V$ is the volume of the object that is submerged, $\\rho$ is the density of the liquid, and $g$ is the gravitational acceleration.\n\nSince the density of the liquid is constant, we can say that:\n\n$F_B \\propto V$\n\nTherefore, increasing the volume of the object will result in a proportional increase in the buoyant force. This means that if the volume of the object is doubled, the buoyant force will also double.\n\nIt's important to note that the buoyant force acts in the opposite direction of the weight of the object, which means that it will always be directed upwards. This is why objects that are less dense than the liquid will float, while objects that are denser than the liquid will sink.\n\nFinal answer: The buoyant force exerted on an object immersed in a liquid is directly proportional to the volume of the object that is submerged, i.e., $F_B \\propto V$. Hence, increasing the volume will result in a proportional increase in the buoyant force.\n""",No Error,clp0pwa8y024e1aqia07ge2yf,6552611390f5ee167ef420e8,Physics Single Turn 
,655419f68cd5ca86541d3931,"""**Improved answer:**\n\nThe question asks for the amount of C-14 (Carbon-14) left after 2 half-lives have elapsed, starting from 1 kg of C-14. The half-life of C-14 is 5730 years.\n\nFirst, we need to calculate the amount of C-14 left after 1 half-life. Therefore, after 1 half-life, the amount of C-14 remaining can be calculated as follows:\n\nAmount of C-14 remaining = Amount of C-14 initially present / 2\n\nSubstituting the given values, we get:\n\nAmount of C-14 remaining = 1 kg / 2\n\\= 0.5 kg (or 500 g)\n\nNow, we need to calculate the amount of C-14 left after 2 half-lives. We can do this by applying the same formula:\n\nAmount of C-14 remaining = Amount of C-14 initially present / 2\n\nSubstituting the value of the amount of C-14 remaining from the previous calculation, we get:\n\nAmount of C-14 remaining = 0.5 kg / 2\n\\= 0.25 kg (or 250 g)\n\nTherefore, after 2 half-lives, 0.25 kg (or 250 g) of C-14 will be left.\n\nFinal answer: 0.25 kg (or 250 g) of C-14 will be left after 2 half-lives.\n""",No Error,clp0pwatg00o01apm6o4d8tm3,6552611390f5ee167ef420e8,Physics Single Turn 
,655419f5f06ec7ff8f8278f6,"""**Improved version:**\n\nTo find the horizontal distance from the aeroplane to the target, we first need to find the time it takes for the bomb to reach the ground. We can use the equation for the time of fall, which is:\n\n### $t = \\sqrt{\\frac{2h}{g}}$\n\nwhere $h$ is the height of the aeroplane, and $g$ is the acceleration due to gravity. Plugging in the given values, we get:\n\n### $t = \\sqrt{\\frac{2 * 500}{9.81}} = 10.0964 seconds$\n\nNext, we can find the horizontal distance travelled by the bomb using the equation:\n\n### $x = vt$\n\nwhere $x$ is the horizontal distance, $v$ is the horizontal velocity of the aeroplane, and $t$ is the time it takes for the bomb to reach the ground. Plugging in the values, we get:\n\n$x = 20 * 10.0964 = 201.93 meters$\n\nTherefore, the horizontal distance from the aeroplane to the target is 201.93 meters.\n\nFinal answer: The aeroplane should release the bomb at a horizontal distance of 201.93 meters from the target to ensure it hits the target.\n""",No Error,clp0pwbg100ue1aty3eolazha,6552611390f5ee167ef420e8,Physics Single Turn 
,655419f67620487f21cfbd5f,"""**Improved answer:**\n\nTo find the height gained by the volleyball, we can use the third equation of motion, which states that the square of the final velocity minus the square of the initial velocity is equal to twice the acceleration due to gravity times the height gained.\n\nLet's start by identifying the known variables:\n\n*   Initial velocity (u): 17 m/s\n*   Final velocity (v): 0 m/s (since the ball comes to rest at the top)\n*   Acceleration due to gravity (g): -9.8 m/s^2\n\nNow, let's apply the third equation of motion:\n\n$v^{2} - u^{2} = 2as$\n\n$0^{2} - 17^{2} = 2(-9.8)h$\n\n$-17^{2} = 2(-9.8)h$\n\n$h = 17^{2}/2*9.8$\n\nSimplifying, we get:\n\n$h$ = 14.745 m\n\nRounding off to the nearest hundredth, we get:\n\n$h$ = 14.75 m\n\nTherefore, the height gained by the volleyball is 14.75 m.\n\nFinal answer: The height gained by the volleyball is 14.75 m.\n""","Error: ""Acceleration due to gravity (g): -9.8 m/s^2""

Improved answer:

To find the",clp0pwc8400lv1aroeb6b0fhk,6552611390f5ee167ef420e8,Physics Single Turn 
,655419f5b8d5eb8d4be48f05,"""**Improved answer:**\n\nThe average velocity of the jogger can be calculated by dividing the total distance covered by the total time taken.\n\nFirst, let's calculate the time taken to cover 1000m at a speed of 4m/s.\n\nTime = Distance / Speed\n\\= 1000m / 4m/s = 250s\n\nNext, we need to calculate the time taken to cover 1500m at a speed of 3m/s.\n\nTime = Distance / Speed = 1500m / 3m/s = 500s\n\nNow, we need to calculate the total time taken, which includes the time the jogger was at rest.\n\nTotal time = Time taken to cover 1000m + Time taken to cover 1500m + Time at rest = 250s + 500s + 50s = 800s\n\nFinally, we can calculate the average velocity:\n\nAverage velocity = Total distance / Total time\n\\= 2500m / 800s = 3.125 m/s\n\nTherefore, the average velocity of the jogger is 3.125 m/s.\n\nFinal answer: The average velocity of the jogger is 3.125 m/s.\n""",No Error,clp0pwdyg00ul1aty45mubso2,6552611390f5ee167ef420e8,Physics Single Turn 
,655419f5eebd4be409602f94,"""**Improved answer:**\n\nThe working distance is the distance between the objective lens and the specimen on the microscope stage. When the power of the objective lens is increased, the working distance decreases. This is because higher-power lenses have a shorter focal length, which means they must be positioned closer to the specimen to achieve focus. As the lens is moved closer to the specimen, the distance between the objective lens and the specimen (the working distance) becomes smaller. Therefore, as the objective lens power increases, the working distance decreases.\n\nIt is essential to understand that the working distance of a microscope can be influenced by various factors, including the thickness of the coverslip or other accessories connected to the objective lens. Some objective lenses come with longer working distances that accommodate thicker specimens or specialized techniques like phase contrast or fluorescence microscopy. However, a shorter working distance can pose a challenge when viewing bulky or thick specimens as the lens may touch the specimen or be too close to focus correctly.\n\nFinal answer: The working distance decreases as the power of the objective lens is increased, due to the shorter focal length of higher power lenses requiring them to be positioned closer to the specimen to achieve focus. This can be a disadvantage when trying to observe thick or bulky specimens.\n""",No Error,clp0pwejc024l1aqihrvl01th,6552611390f5ee167ef420e8,Physics Single Turn 
,655419f5a390cd6d62bcb652,"""**Improved answer:**\n\nThe equation 2y + 4x = 6 represents a line in the Cartesian plane. To find the equation of a line that is parallel to this line, we need to find another line that has the same slope.\n\nThe slope of a line can be found using the formula (if it is in the form ax + by +c = 0 or ax + by = c):\n\nSlope = (-1) (x-coefficient) / (y-coefficient)\n\nIn this case, the y-coefficient is 2 and the x-coefficient is 4, so the slope of the line is:\n\nSlope = - (4) / (2) = - 2\n\nNow, we need to find an equation for a line that has a slope of -2. One such equation is:\n\n2x + y = 1\n\nThis equation has a slope of -2, which means that it is parallel to the original line.\n\nAlternatively, we can also write the equation of a parallel line in the form:\n\ny = mx + c\n\nWhere m is the slope and c is the y-intercept. Since the slope of the original line is -2, we can write the equation of a parallel line as:\n\ny = -2x + c\n\nwhere c is any real number ( for example, c can be 1 or 2 or 1.1, etc.)\n\nIn summary, the equation of a line that is parallel to the line represented by 2y + 4x = 6 is y = -2x + c or 2x + y = c, where c is any real number.\n\nFinal answer: The equation of a line that is parallel to the line represented by 2y + 4x = 6 is 2x + y = c, where c is any real number.\n""","Error: ""In this case, the y-coefficient is 2 and the x-coefficient is 4, so the",clp0pwf48001m1arw97ob7mx9,6552611390f5ee167ef420e8,Physics Single Turn 
,655419f5d6c65b3b45affdb7,"""**Improved answer:**\n\nTo solve the given equation, we have been given:\n\n\\[ $\\frac{1}{4} (d-3) = -15$]\n\nWe can follow these steps:\n\nFirst, we can start by multiplying both sides of the equation by $4$ to eliminate the fraction and get:\n\n\\[$(d-3) = -60$]\n\nNext, we can add 3 to both sides of the equation to get:\n\n\\[$d = -57$]\n\nTherefore, the final answer is:\n\\[$d = -57$]\n\nIn this equation, we have a single-order linear equation, and we can solve it by isolating the variable $d$. We can do this by multiplying both sides of the equation by $4$ to eliminate the fraction and then adding $3$ to both sides to get the final answer.\n\nFinal answer:\nThe final answer is $d = -57$, which we obtained by multiplying both sides of the equation by $4$ and adding $3$ to both sides.\n""",No Error,clp0pwglb00ax1apgd6u40uum,6552611390f5ee167ef420e8,Physics Single Turn 
,655419f58975e2e8b01cfb6f,"""**Improved answer:**\n\nThe spacing of the slits in Young's double-slit experiment can be determined using the formula:\n\n$y_n = (2n-1)\\frac{\\lambda D}{d}$\n\nwhere $y_n$ is the distance from the central maximum to the $n^{th}$ interference minimum, $\\lambda$ is the wavelength of the light, $D$ is the distance between the slits and the screen, and $d$ is the spacing between the slits.\n\nGiven in the problem are:\n\n$D = 2\\ \\text{m};\ny_n = 7.72\\ \\text{mm};\n\\lambda = 581\\ \\text{nm}; n = 10$\n\nWe can rearrange the above formula to solve for $d$:\n\n$d = (2n-1) \\frac{\\lambda D}{y_n}$\n\nSubstituting the given values:\n\n$d = (2(10)-1) \\frac{581 \\times 10^{-9} \\ \\text{m} \\times 2 \\ \\text{m}}{7.72 \\times 10^{-3} \\ \\text{m}}$\n\n$d = 2.85 \\times 10^{-3} \\ \\text{m}$\n\nTherefore, the spacing between the slits is $d = 2.85 \\times 10^{-3} \\ \\text{m}$\n\nFinal answer: The spacing between the slits is $d = 2.85 \\times 10^{-3} \\ \\text{m}$\n""","Error: ""$y_n$ is the distance from the central maximum to the $n^{th}$ interference minimum""

Improved answer",clp0pwh7q00011as5bh29bobj,6552611390f5ee167ef420e8,Physics Single Turn 
,655419f5eebd4be409602f95,"""**Improved answer:**\n\nA 500 kg freight elevator is uniformly accelerated upwards from rest by the support cable at an acceleration of 2 $m/s^{2}$ for 4 seconds.\n\n(a) According to Newton's second law of motion, the net force acting on an object is equal to the mass of the object multiplied by its acceleration. Therefore, the direction of the net force points in the same direction as the acceleration. Since the acceleration of the elevator is upward, the net force also points upward.\n\n(b) The magnitude of the net force can be calculated using the equation F = ma, where F is the net force, m is the mass of the object, and a is the acceleration. In this case, the mass of the elevator is 500 kg, and the acceleration is 2 $m/s^{2}$, upward. Therefore, the magnitude of the net force is:\n\nF = ma\n\\= 500 kg x 2 $m/s^{2}$\n\\= 1000 N\n\nFinal answer:\n\na) The direction of the net force points upward.\n\nb) The magnitude of the net force is 1000 N.\n\nIn conclusion, the net force acting on the freight elevator is 1000 N, directed upward, due to the support cable's uniform acceleration of 2 $m/s^{2}$ for 4 seconds.\n""",No Error,clp0pwisj02591asa0i22fu94,6552611390f5ee167ef420e8,Physics Single Turn 
,655419f5d6c65b3b45affdb5,"""**Improved answer:**\n\na) To find the distance travelled by the ball in the first 2 seconds of its flight, we can use the equation for displacement:\n\ns = v₀t + (1/2)at²\n\nSubstituting the given values:\n\ns = 0 \\* 2.00 + (1/2) \\* 9.8 \\* (2.00)^2\n\ns = 0 + 4.9 \\* 4.00\n\ns = 19.6 m\n\nb) To find the speed of the ball after it has travelled 1.80 m downward, we can use the equation:\n\nv² = v₀² + 2as\n\nSubstituting the given values:\n\nv² = 0² + 2 \\* 9.8 \\* (1.80)\n\nv² = 35.28\n\nv = 5.94 m/s\n\nc) To find the speed of the ball 2.00 s after it is released, we can use the equation:\n\nv = v₀ + at\n\nSubstituting the given values:\n\nv = 0 + 9.8 \\* 2.00\n\nv = 19.6 m/s\n\nFinal answer:\n\nThe ball falls 19.6 m in the first 2.00 s of its flight. Its speed after travelling 1.80 m downward is 5.94 m/s, and its speed 2.00 s after release is also 19.6 m/s.\n""",No Error,clp0pwjia00b31apg5ekuarnk,6552611390f5ee167ef420e8,Physics Single Turn 
,655419f561928b51b2365c3c,"""**Improved answer:**\n\nTo determine how the intensity level changes in decibels (dB), we can use the formula:\n\nΔI = 10log(I\\_2/I\\_1)\n\nwhere I\\_1 is the initial intensity level and I\\_2 is the new intensity level after the increase in amplitude.\n\nFirst, we need to calculate the new intensity level, I\\_2. The intensity level is directly proportional to the square of the amplitude, so we can write:\n\nI\\_2 = k(A\\_2)^2\n\nwhere k is a constant and A\\_2 is the new amplitude. We are given that the amplitude has increased by 51.2%, so we can write:\n\nA\\_2 = A\\_1 + 0.512A\\_1\n\\= 1.512A\\_1\n\nSubstituting this value into the equation above, we get:\n\nI\\_2 = k(1.512A\\_1)^2\n\\= k(2.29)(A\\_1)^2\n\\= 2.29(I\\_1)\n\nNow, we can calculate the change in intensity level:\n\nΔI = 10log(I\\_2/I\\_1)\n\\= 10log{(2.29)(I\\_1)/(I\\_1)}\n\\= 10log(2.29)\n\\= 3.59 dB\n\nTherefore, the increase in intensity level is 3.59 dB.\n\nFinal answer: The intensity level increases by 3.59 dB at the given position when the engineer turns up the amplifiers to increase amplitude by 51.2%.\n""",No Error,clp0pwk7z024v1aqidja3gr4i,6552611390f5ee167ef420e8,Physics Single Turn 
,655419f6f06ec7ff8f827934,"""To determine the time it takes for the ball to strike the water, we can use the equations of motion.\n\nLet's first establish our reference frame. The point of launch is taken as the origin, and we'll define the upward direction as positive and the downward direction as negative.\n\nNow, as the acceleration of the object is constant, we can use the second equation of motion for an object under the influence of gravity to solve for time:\n\nS = ut + 1/2at^2\n\nWe know the initial velocity (u) = 19 m/s, acceleration (a) = -9.8 m/s^2 (here acceleration is taken as negative because the acceleration due to gravity always acts downward and upward direction is positive), and the displacement from the point of launch to the water surface (S) = -26 m.\n\nPlugging in the values, we get:\n\n-26 = 19t - 4.9t^2\n\nNow, we can solve for time by solving the quadratic equation:\n\n(4.9t^2 - 19t - 26) = 0\n\nOn solving, we find that t = 4.95 s.\n\nFinal answer: By using the second equation of motion, we find that the ball strikes the water in 4.95 seconds.\n""",No Error,clp0pwkv200ba1apg9gkyd2r2,6552611390f5ee167ef420e8,Physics Single Turn 
,655419f58246c1a175ef8af1,"""**Improved Answer:**\n\nThe problem statement asks us to determine the efficiency of a Carnot engine that uses heavy water gas at a temperature of 9x108 K as its hot reservoir and has a cold reservoir at a temperature of 100 C. We can calculate the efficiency of the engine using the formula for Carnot efficiency, which is given by:\n\nη = 1 - $T_L/T_H$\n\nwhere η is the efficiency of the engine, $T_L$ is the temperature of the cold reservoir, and $T_H$ is the temperature of the hot reservoir.\n\nFirst, we need to convert the temperature of the cold reservoir from Celsius to Kelvin. We can do this by adding 273 to the temperature in Celsius, which gives us:\n\n$T_L$ = 100 + 273 = 373 K\n\nNext, we can plug in the values for $T_H$ and $T_L$ into the formula for Carnot efficiency:\n\nη = 1 - 373/9x108\n\nSimplifying and solving for η, we get:\n\nη = 1 - 373/972 = 1 - 0.384\n\nη = 0.616\n\nTherefore, the efficiency of the Carnot engine is 0.616.\n\nFinal answer: The efficiency of the Carnot engine that uses heavy water gas at a temperature of 9x108 K as its hot reservoir and has a cold reservoir at a temperature of 100 C is 0.616.\n""","Error: ""η = 1 - 373/9x108\n\nSimplifying and solving for η,",clp0pwlki00o61apmb9yd26wn,6552611390f5ee167ef420e8,Physics Single Turn 
,655419f5e75b6059accd428b,"""**Improved answer:**\n\nThe diameter of a gas molecule can be calculated using the mean free path and other physical parameters. \n\nThe mean free path of a gas is the average distance a molecule travels between collisions with other molecules. At a pressure of $P = 1.38 \\times 10^5 \\ \\text{Pa}$ and a temperature of $T = 357 \\ \\text{K}$, the mean free path of the gas is $ \\lambda = 1.06 \\times 10^{-7} \\ \\text{ m}$. Using the equation for the mean free path, we can solve for the diameter of the gas molecule.\n\nThe equation for the mean free path is:\n\n$\\lambda = \\frac{kT}{\\sqrt{2} \\pi d^2P}$\n\nwhere $\\lambda$ is the mean free path, $k$ is the Boltzmann constant, $T$ is the temperature, $d$ is the diameter of the gas molecule, and $P$ is the pressure.\n\nRearranging the equation to solve for $d$, we get:\n\n$d = \\sqrt{  \\frac{kT}{\\sqrt{2} \\pi P \\lambda }  }$\n\nPlugging in the given values, we get:\n\n$d = \\sqrt{ \\frac{(1.38\\times 10^{-23} \\ \\text{J/K})  \\times 357 \\ \\text{K} }{\\sqrt{2} \\times \\pi \\times (1.38 \\times 10^5 \\ \\text{Pa}) \\times (1.06 \\times 10^{-7} \\ \\text{m})}}$\n\n$d = 3.066 \\times 10^{-10} \\ \\text{ m}$\n\nThe diameter of the gas molecule is $3.066 \\times 10^{-10} \\ \\text{ m}$. This means that the gas molecule has a diameter of approximately $3.066$ angstroms.\n\nThe significance of this calculation is that it shows the extremely small size of a gas molecule. The diameter of a gas molecule is measured in angstroms, which are equal to $10^{-10}$ meters. This means that the gas molecule is incredibly small, and its size is difficult to comprehend.\n\nFinal answer: The diameter of the gas molecule is $3.066 \\times 10^{-10} \\ \\text{ m}$\n""",No Error,clp0pwn2p001s1arw8c6y6cax,6552611390f5ee167ef420e8,Physics Single Turn 
,655419f5355eb5e3ad4f4966,"""**Improved answer:**\n\nThe Bohr radius, $a_0$, is the radius of the lowest orbit in a hydrogen atom. \n\nTo find the expression for $a_0$ in terms of fundamental constants, we start by considering the Coulomb force of attraction between the electron and the protons in the nucleus.\n\nThe coulomb force between an electron and a proton is given by:\n\n$F_c = \\frac{Ze^2}{4\\pi \\epsilon_0 a_0^2}$\n\nwhere $Ze$ is the charge of the nucleus, $e$ is the elementary charge, and $\\epsilon_0$ is the electric constant.\n\nDue to this force, the acceleration of the electron towards the protons is:\n\n$a = \\frac{v^2}{r}$\n\nwhere $v$ is the velocity of the electron and $r$ is the radius of the orbit.\n\nFrom Newton's second law, we have:\n\n$\\frac{Ze^2}{4\\pi \\epsilon_0 a_0^2} = \\frac{m_ev^2}{a_0}$\n\nwhere $m_e$ is the mass of the electron.\n\nNow, we can use the Bohr quantization rule of angular momentum, which states that the angular momentum of the electron is quantized:\n\n$m_e vr = n\\hbar$\n\nwhere $n$ is the principal quantum number and $\\hbar = \\frac{h}{2\\pi}$ is the reduced Plank's constant.\n\nPutting the value of $v$ from the first equation, we get:\n\n$v^2 = \\frac{Ze^2}{4\\pi \\epsilon_0 m_e a_0}$\n\nSubstituting this expression for $v$ into the second equation, we get:\n\n$ (n\\hbar)^2 = \\frac{1}{4\\pi \\epsilon_0} \\times \\frac{Ze^2}{m_ea_0}$\n\n$a_0 = \\frac{4\\pi \\epsilon_0 (n\\hbar)^2}{m_eZe^2}$\n\nFinal answer: The Bohr's radius is $a_0 = \\frac{4\\pi \\epsilon_0 (n\\hbar)^2}{m_eZe^2}$\n\nTherefore, the Bohr radius, $a_0$, is given by the expression $\\frac{4\\pi \\epsilon_0 (n\\hbar)^2}{mZe^2}$, where $\\hbar$ is the reduced Planck constant, $e$ is the elementary charge, and $\\epsilon_0$ is the permittivity of free space.\n\nThis expression shows that the Bohr radius is dependent on fundamental physical constants and the mass of the electron.\n""",No Error,clp0pwnp7001x1arw2swfhq3z,6552611390f5ee167ef420e8,Physics Single Turn 
,655419f559747226bd9af831,"""**Improved answer:**\n\nLet's consider two vectors, $\\bf{A}$ and $\\bf{B}$, with unequal magnitudes.\n\nWe need to determine if it's possible for their sum to be zero, e.g., $\\bf{A + B} = 0$\n\nWe know that the resultant of two vectors is given by:\n\n$R = \\sqrt{ |{\\bf{A}}|^2 + |{\\bf{B}}|^2 + 2|{\\bf{A}}||{\\bf{B}}|\\cos \\theta}$\n\nwhere $\\theta$ is the angle between two vectors.\n\nLet's assume that the resultant is zero:\n\n$R = 0$\n\nNow, we can simplify the equation:\n\n$|{\\bf{A}}|^2 + |{\\bf{B}}|^2 + 2|{\\bf{A}}||{\\bf{B}}|\\cos \\theta = 0$\n\nWe can rewrite it further:\n\n$|{\\bf{A}}|^2 + |{\\bf{B}}|^2 = -2|{\\bf{A}}||{\\bf{B}}|\\cos \\theta$\n\nSince $|{\\bf{A}}|$ and $|{\\bf{B}}|$ are unequal, we can conclude that \n\n$|{\\bf{A}}|\\cos \\theta = -|{\\bf{B}}|$.\n\nTherefore, we have:\n\n$|{\\bf{A}}| = -|{\\bf{B}}|$\n\nThis means that the vector $\\bf{A}$ is equal to the negative vector $\\bf{B}$. This contradicts our initial assumption that the magnitudes of $\\bf{A}$ and $\\bf{B}$ are unequal.\n\nHence, it's not possible for two unequal vectors $\\bf{A}$ and $\\bf{B}$ to have a sum of zero. To get $\\bf{A + B} =0$, both the vector $\\bf{A}$and $\\bf{B}$ must have equal magnitudes and opposite directions.\n\nFinal answer: It's not possible for two unequal vectors $\\bf{A}$ and $\\bf{B}$ to have a sum of zero.\n""",No Error,clp0pwokk02501aqiev2n0hqf,6552611390f5ee167ef420e8,Physics Single Turn 
,655419f5eebd4be409602f93,"""**Improved Answer:**\n\nThe question asks for the reading on a scale when an $1$ kg sphere having a charge of $+8$ $\\mu C$ is placed on it and a second sphere having a charge of $-4 \\mu C$ is positioned directly above the first sphere at a distance of $0.6 m$.\n\nFirst, we need to identify the forces acting on the $1 kg$ sphere. \n\nThe weight of the sphere is \n\n$W_s = mg$\n\nwhere $m$ is the mass of the sphere ($1 kg$), and $g$ is the acceleration due to gravity ($9.8 m/s^2$). \n\nThe second force acting on the sphere is the Coulomb force, which is given by \n\n$F_c = \\frac{kqQ}{r^2}$\n\nwhere $k$ is Coulomb's constant ($9 \\times 10^9 N m^2 C^{-2}$), $q$ is the charge of the sphere ($8 \\mu C$), and $r$ is the distance between the two spheres ($0.6 m$). \n\nSince the second sphere has a negative charge, the Coulomb force is attractive and acts in an upward direction.\n\nNow, we can calculate the reading on the scale using the equation:\n\n$W_{net} = W_s - F_{c}$\n\nwhere $W_{net}$ is the net reading on the scale, $W_s = mg$, where $m$ is the mass of the sphere, $g$ is the acceleration due to gravity, and $F_c $ is the Coulomb force.\n\nSubstituting the values, we get:\n\n$W_{net} = 1 kg \\times 9.8 m/s^2 -$ $\\frac{(9 \\times 10^9 N m^2 C^{-2} \\times 8 \\times 10^{-6} C \\times 4 \\times 10^{-6}C)}{(0.6 m)^2}$\n\nSimplifying and solving, we get:\n\n$W_{net} = 9.8 N - 0.8 N$\n\n$W_{net} = 9 N$\n\nTherefore, the reading on the scale is $9 N$.\n\nFinal answer: The reading on the scale when a $1 kg$ sphere having a charge of $+8 \\mu C$ is placed on it and a second sphere having a charge of $-4 \\mu C$ is positioned directly above the first sphere at a distance of $0.6 m$, is $\\bf{9 N}$. This is calculated by taking into account the weight of the sphere and the attractive Coulomb force between the two spheres.\n""",No Error,clp0pwp7s00m41aro5hyj4ctu,6552611390f5ee167ef420e8,Physics Single Turn 
,655419f5e75b6059accd428a,"""**Improved answer:**\n\nElectrostatic potential energy is the energy required to move a charge from one point to another in an electric field. The change in electrostatic potential energy, ΔU, of a charged particle moving from point A to point B can be calculated using the formula:\n\n$ΔU = q(V_B - V_A)$\n\nwhere $q$ is the charge on the particle and $V_B$ and $V_A$ are the electric potentials at points B and A, respectively.\n\n*   For an electron, $q = -1.6 * 10^{-19} C$ and $V_B = -20.5 V$, $V_A = 15.5 V$. Substituting these values into the formula, we get:\n\n    $ΔU_e = (-1.6 * 10^{-19} C)(-20.5 V - 15.5 V) = 5.76 * 10^{-18} J$\n*   For a proton, $q = +1.6 * 10^{-19} C$ and $V_B = -20.5 V$, $V_A = 15.5 V$. Substituting these values into the formula, we get:\n\n    $ΔU_p = (1.6 * 10^{-19} C)(-20.5 V - 15.5 V) = -5.7 * 10^{-18} J$\n*   For a neutral hydrogen atom, $q = 0$ and $V_B = -20.5 V$, $V_A = 15.5 V$. Substituting these values into the formula, we get:\n\n    $ΔU_H = (0)(-20.5 V - 15.5 V) = 0 J$\n*   For a singly ionized helium atom, $q = -1.6 * 10^{-19} C$ and $V_B = -20.5 V$, $V_A = 15.5 V$. Substituting these values into the formula, we get:\n\n    $ΔU_{He} = (-1.6 * 10^{-19} C)(-20.5 V - 15.5 V) = -5.67 * 10^{-18} J$\n\nFinal answer: The change in electrostatic potential energy for an electron, proton, neutral hydrogen atom, and singly ionized helium is $5.76 * 10^{-18} J$, $-5.7 * 10^{-18} J$, $0 J$, and $-5.67 * 10^{-18} J $, respectively.\n""","Error: ""For a singly ionized helium atom, $q = -1.6 * 10^{-19} C",clp0pwq6r00ob1apm7yyj6yut,6552611390f5ee167ef420e8,Physics Single Turn 
,655419f68cd5ca86541d3930,"""**Improved answer:**\n\nThe acceleration due to gravity at a distance of $3$ times the radius of the Earth can be calculated using the formula:\n\n$g(h) = g \\times (\\frac{Re }{ R_e + H})^2$\n\nwhere $g$ is the acceleration due to gravity at the surface of the earth, $R_e$ is the radius of the earth, and $H$ is the height at which we want to find the acceleration due to gravity.\n\nThe formula can be derived from the fact that acceleration due to gravity at the surface of the earth is $g = \\frac{GM}{R^2}$ and at any given distance above the earth's surface is $g(h) = \\frac{GM}{(R+H)^2}$. Here $M$ is the mass, $G$ is the gravitational constant, and $R$ is the radius of Earth.\n\nIn this case, we are given that:\n\nAcceleration due to gravity at the surface of the earth is $g = 9.81 m/s^2$, the radius of the earth $R_e = 6400 km$ and\nthe height at which we want to find the acceleration due to gravity is $H = 3R_e$. \n\nSubstituting these values into the formula, we get:\n\n$g(h) = 9.81 \\times (\\frac{6400}{6400 + 3 \\times 6400})^2 = 9.81 \\times (\\frac{6400}{ 9600})^2 = 9.81 \\times 0.0625 = 0.61 m/s^2$\n\nTherefore, the acceleration due to gravity at a distance $3$ times the radius of the earth is $0.61 m/s^2$.\n\nFinal answer: acceleration at the $3R_e$ height equals to $0.61 m/s^2$.\n""","Error: ""$g(h) = 9.81 \\times (\\frac{6400}{6400 + 3",clp0pwrn402551aqi2v8s6bqh,6552611390f5ee167ef420e8,Physics Single Turn 
,655419f58975e2e8b01cfb6e,"""**Improved answer:**\n\nThe terminal velocity of an object falling through a liquid is the velocity at which the downward force of gravity is balanced by the upward force of viscosity.\n\nTo calculate the terminal velocity of a 4.1 cm diameter ball in water, we can use the equation:\n\n$v = \\frac{2}{9}  \\frac{r^2(\\rho_o - \\rho_w)g}{\\eta}$\n\nwhere $v$ is the terminal velocity, $r$ is the radius of the ball, $\\rho_o$ is the density of the ball, $\\rho_w$ is the density of water, $g$ is the acceleration due to gravity, and $\\eta$ is the coefficient of viscosity. This is also known as Stokes's law. \n\nFirst, we need to find the radius of the ball. The diameter is given as $d = 4.1\\ \\text{cm}$, so the radius is half of that:\n\n$r = \\frac{d}{2} = \\frac{4.1}{2} = 0.0205\\ \\text{m}$\n\nNext, we can calculate the density of the ball using its specific gravity as\n\n$\\rho_o = SG \\times \\rho_w $\n\n$\\rho_o = 1.22 \\times 10^3 kg/m^3$\n\nThe density of water is given as $\\rho_w = 1000 kg/m^3$ and viscosity of water is $\\eta = 10^{-3} Pa\\cdot s$\n\nNow, we can plug in the values we have found into the equation for terminal velocity:\n\n$v = \\frac{2}{9} \\frac{0.0205^2 \\times (1220-1000) \\times 9.8}{10^{-3}}$\n\nSimplifying and solving for $v$, we get:\n\n$v = 201.35 m/s$\n\nTherefore, the terminal velocity of this ball in water is $201.35 m/s$.\n\nFinal answer: The terminal velocity of this ball in water is $201.35 m/s$.\n""","Error: ""$\\rho_o = 1.22 \\times 10^3 kg/m^3$""

Improved answer",clp0pwszs00ut1aty1nreaffg,6552611390f5ee167ef420e8,Physics Single Turn 
,655419f5a390cd6d62bcb653,"""**Improved answer:**\n\nTo calculate the potential difference (voltage drop) across a wire, we can use Ohm's law, which states that (V = IR), where (V) is the voltage, (I) is the current, and (R) is the resistance. First, we will calculate the resistance of 100 meters of 16-gauge copper wire.\n\nThe resistance of a wire is given by the formula:\n\nR = ρ \\* L / A\n\nwhere ρ is the resistivity of the material, L is the length of the wire, and A is the cross-sectional area of the wire.\n\nThe resistivity of copper at the given temperature of 20 degrees Celsius is 1.72 x 10^-8 Ωm. The length of the wire is 100 meters. To find the cross-sectional area of the wire, we need to first find the diameter of the wire. The diameter of the 16-gauge wire is 1.291 mm.\n\nSo, the area of the cross-section of the wire is:\n\nA = (π/4) \\* (1.291 mm)^2 = 1.31 x 10^-6 m^2\n\nNow, we can calculate the resistance of the wire:\n\nR = ρ \\* L / A = (1.72 x 10^-8 Ωm) \\* (100 m) / (1.31 x 10^-6 m^2) = 1.313 Ω\n\nNext, we can use Ohm's law to calculate the potential difference across the wire:\n\nV = I \\* R = (9 A) \\* (1.313 Ω) = 11.82 V\n\nTherefore, the potential difference across one copper wire of the 100-meter extension cord is 11.82 V.\n\nFinal answer: The potential difference across one copper wire of the 100-meter extension cord is 11.82 V.\n""",No Error,clp0pwuc3025f1asa88eherf0,6552611390f5ee167ef420e8,Physics Single Turn 
,655419f6355eb5e3ad4f49a0,"""**Improved answer:**\n\nThe gravitational force between two objects can be calculated using the formula,\nF = G \\* (Mm') / $r^{2}$\n\nWhere:\n\n*   G = 6.67 x $10^{-11}$ N\\*$m^2/kg^2$ (Gravitational constant)\n*   M and\n    m' are the masses of objects\n*   r = 0.430/2 m = 0.215 m \n\nFirst, we need to find the magnitude of the force between the third mass and each of the two objects.\n\n*   Force between the third mass and the first object:\n\n    F1 = G \\* (Mm') / $r^2$\n    \\= (6.67 x $10^{-11}$ N\\*$m^2/kg^2$) \\* (440 kg) \\* (49.0 kg) / $(0.215 m)^2$\n    \\= 3.11 x $10^{-5}$ N\n\n<!---->\n\n*   Force between the third mass and the second object:\n\n    F2 = G \\* (Mm') / $r^2$\n    \\= (6.67 x $10^{-11}$ N\\*$m^2/kg^2$) \\* (140 kg) \\* (49.0 kg) / $(0.215 m)^2$\n    \\= 0.99 x $10^{-5}$ N\n\nSince the magnitude of the force between the third mass and the first object is greater than the magnitude of the force between the third mass and the second object, the net gravitational force acting on the third mass will be towards the greatest mass, which is the first object.\n\nTherefore, the net gravitational force acting on the third mass is:\n\n$F_{net}$ = F1 - F2\n\\= (3.11 x $10^{-5}$ N) - (0.99 x $10^{-5}$ N)\n\\= 2.12 x $10^{-5}$ N\n\nFinal answer: The net gravitational force acting on the third mass is 2.12 x $10^{-5}$ N, towards the greatest mass.\n""",No Error,clp0pwv2500bg1apgakrzhmit,6552611390f5ee167ef420e8,Physics Single Turn 
,655419f6eebd4be409602fc5,"""**Improved answer:**\n\nThe problem states that an arrow is shot horizontally from a height of $6.8m$ above the ground with an initial speed of $67 m/s$. Neglecting friction, we need to determine how long it will take for the arrow to hit the ground.\n\nFirst, let's define the problem and the approach we will use to solve it. We will use the kinematic equation of motion for vertical displacement, which is given by:\n\n$s_y = u_y t + \\frac{1}{2} a_y t^2$\n\nwhere $s_y$ is the vertical displacement, $u_y$is the initial vertical velocity, $a_y$ is the acceleration due to gravity, and $t$ is time.\n\nHere, in the problem, the arrow starts at a height of $6.8m$ above the ground, so the initial vertical displacement is $-6.8m$. The initial vertical velocity is $ 0 m/s$, since the arrow is shot horizontally. The acceleration due to gravity is $-9.8 m/s^2$, since the direction of the motion is downward.\n\nNow, let's plug in the given values and solve for time:\n\n$s_y = -h = -6.8m$, $u_y = 0 m/s$,\n$a_y = -g = -9.8 m/s^2$\n\nSubstituting these values into the equation of motion, we get:\n\n$-h = 0 - \\frac{1}{2} a_y t^2$\n\nSolving for $t$, we get:\n\n$t = \\sqrt{\\frac{2h}{g}}$\n\n$\\Rightarrow t = \\sqrt{1.388} = 1.18$ seconds\n\nTherefore, it will take the arrow $1.18$ seconds to hit the ground.\n\nFinal answer:\nThe time it will take for the arrow to hit the ground is $1.18$ seconds.\n""",No Error,clp0pwvqv000a1as51rwz12mh,6552611390f5ee167ef420e8,Physics Single Turn 
,655419f6eebd4be409602fc4,"""**Improved answer:**\n\nThe energy content of gasoline is 1.3 × $10^{8}$ J/gal.\n\nThe change in internal energy, ΔU, of a system can be calculated using the first law of thermodynamics, which states that ΔU = Q - W. In this case, since the car is not in motion, the net work done by the car is zero (W = 0). Therefore, the change in internal energy is equal to the net heat transferred into the system, which is the energy content of the gasoline added.\n\nTo convert gallons to joules, we can use the conversion factor of 1.3 × $10^{8}$ J/gal. Therefore, the energy content of 13 gal of gasoline is 13 × 1.3 × $10^{8}$ J = 16.9 × $10^{8}$ J.\n\nSo, the change in internal energy is ΔU = Q - W = 16.9 × $10^{8}$ J - 0 = 16.9 × $10^{8}$ J.\n\nFinal answer: The change in internal energy of the car is 16.9 × $10^{8}$ J.\n""",No Error,clp0pwwdq025k1asa6m689t8d,6552611390f5ee167ef420e8,Physics Single Turn 
,655419f68cd5ca86541d3935,"""**Improved answer:**\n\nThe Earth's angular momentum due to its orbit around the Sun can be calculated using the following formula:\n\n$L = I\\omega$\n\nwhere $I$ is the moment of inertia of the Earth about the center of the Sun, and $\\omega$ is the angular velocity of the Earth.\n\nFirst, we need to calculate the moment of inertia of the Earth. Assuming a uniform mass distribution, the moment of inertia of a sphere about its center is given by:\n\n$I = \\frac{2}{5}MR^2$\n\nwhere $M$ is the mass of the sphere, and $R$ is its radius.\n\nIn this case, the mass of the Earth is $5.97 \\times 10^{24} kg$, and its radius is $6371 km$.\n\nSubstituting these values into the formula, we get:\n\n$I = \\frac{2}{5} (5.97 \\times 10^{24} kg)(6371 km)^2$\n\n$\\Rightarrow I = 9.654 \\times 10^{30} kg.m^2$\n\nNext, we need to calculate the angular velocity of the Earth. The Earth takes approximately $365$ days to complete one orbit around the Sun, which is equivalent to $3.1536 \\times 10^{7}$ seconds. \n\nTherefore, the angular velocity of the Earth is:\n\n$\\omega  = \\frac{2\\pi }{T}$\n\n$\\omega  = \\frac{2\\pi}{3.1536 \\times 10^7} \\Rightarrow\n\\omega = 1.9914 \\times 10^{-7} rad/sec$\n\nNow, we can calculate the angular momentum of the Earth:\n\n$L = I\\omega\n\\Rightarrow L = (9.654 \\times 10^{30} kg.m^2)(1.9914 \\times 10^{-7} (rad)/sec)$\n\n$L = 19.225 \\times 10^{23} kg.m^2.s^{-1}$\n\nTherefore, the angular momentum of the Earth due to its orbit around the Sun is $19.225 \\times 10^{23} kg.m^2.s^{-1}$.\n\nFinal answer: The angular momentum of the Earth due to its orbit around the Sun is $19.225 \\times 10^{23} kg.m^2.s^{-1}$.\n\n\n\n""","Error: ""where $I$ is the moment of inertia of the Earth about the center of the Sun""",clp0pwwz104s71as39hjqe6b5,6552611390f5ee167ef420e8,Physics Single Turn 
,655419f5a390cd6d62bcb654,"""**Improved answer:**\n\nThe given equation of current, i(t), is:\n\ni(t) = 2 - 2$e^{-10t}$\n\nAs t approaches infinity (∞), the term with $e^{-10t}$ approaches zero. This is because the base of the exponential function, $e^{-10t}$, decreases rapidly as t increases, making the term negligible. Therefore, as t → ∞, i(t) approaches 2.\n\nMathematically, we can represent this as:\n\nlim t→∞ i(t) = lim t→∞ (2 - 2$e^{-10t}$)\n\\= 2 - 2(0)\n\\= 2\n\nTherefore, the value of i as t → ∞ is 2.\n\nFinal answer: The value of i as t → ∞ is 2.\n""",No Error,clp0pwydx00241arw89f073p2,6552611390f5ee167ef420e8,Physics Single Turn 
,655419f5f06ec7ff8f8278f4,"""**Improved answer:**\n\nThe equation of motion of an object under the influence of gravity and air resistance can be found by using the force balance condition.\n\nThe force in pounds due to air resistance is given by $-10v$, where $v$ is the velocity of the object in $\\text{ft/sec}$. The weight of the object is $400\\ \\text{lb}$, and the acceleration due to gravity is $32\\ \\text{ft/sec}$$^2$.\n\nFirst, we can calculate the weight of the object using the force balance condition:\n\n$\\text{Net force} = W -\\ \\text{drag force} ~ ma = W - 10v$\n\nwhere $m$ is the mass of the object, $a$ is the acceleration, and $W$ is the weight.\n\nPlugging the values we have,\n\n$m g = 400 - 10v$\n\nSolving for $m$ we get\n\n$m = 12.45\\ \\text{kg}$\n\nNext, we can find the velocity expression by rearranging the force balance condition:\n\n$m\\frac{dv}{dt} = 400 - 10v$\n\nSolving for $v$, we get\n\n$v = 40 - 40\\exp(-0.8t)$\n\nNow, we can find the equation of motion by using the velocity expression:\n\n$x(t) = 40t + 50\\exp(-0.8t) - 450$\n\nThe equation of motion is:\n\n$x(t) = 40t + 50\\exp(-0.8t) - 450$\n\nTo find when the object hits the ground, we can set $x(t) = 0$ and solve for $t$:\n\n$40t + 50\\exp(-0.8t) - 450 = 0$\n\n$\\Rightarrow 40t + 50\\exp(-0.8t) = 450$\n\nBy solving the trial-and-error method, $t = 13.75\\ \\text{sec}$.\n\nTherefore, the time it takes for the object to hit the ground is $13.75\\ \\text{seconds}$.\n\nFinal answer: The equation of motion of the object is $x(t) = 40t + 50\\exp(-0.8t) - 450$, and the time it takes for the object to hit the ground is $t = 13.75\\ \\text{sec}$.\n""","Error: ""m g = 400 - 10v""

The equation for net force should be ""m g = ",clp0pwyzm00uz1aty6rfoagb8,6552611390f5ee167ef420e8,Physics Single Turn 
,655419f68cd5ca86541d3934,"""**Improved answer:**\n\nTo determine the time required to reduce a 1.00 kg sample of thallium-204 to about 1.00 g, we can use the equation:\n\n$A = A_o(1/2)^{t/t_{1/2}}$\n\nwhere $A_o$ is the initial activity, $A$ is the final activity, $t$ is the time required, and $t_{1/2}$ is the half-life of thallium-204.\n\nGiven that the half-life of thallium-204 is 3.78 years, and the initial activity is 1 kg, we can substitute these values into the equation to get:\n\n$A = 1 kg (1/2)^{t/3.78}$\n\nOur aim is to find the time required to reduce the sample to about 1 g, so we can set up the equation:\n\n$1 g = 1000g (1/2)^{t/3.78}$\n\nWe can then solve for t by taking the natural logarithm of both sides:\n\nln(1) = ln(1000) - (t/3.78) ln(2)\n\nSimplifying and solving for t, we get:\n\n0 = ln(1000) - (t/3.78) ln(2)\n\n(t/3.78) ln(2) = ln(1000)\n\nt = 3.78 ln(1000)/ln(2) years\n\nt = 3.78 \\* (6.90/0.69) years\n\nt = 37.8 years\n\nTherefore, the time required to reduce a 1.00 kg sample of thallium-204 to about 1.00 g is approximately 37.8 years.\n\nFinal answer: The time required to reduce a 1.00 kg sample of thallium-204 to about 1.00 g is approximately 37.8 years.\n""",No Error,clp0px0fl04sc1as33vwc8koi,6552611390f5ee167ef420e8,Physics Single Turn 
,655419f6f06ec7ff8f827933,"""**Improved answer:** \n\nTo calculate the work required to change $0.6 kg$ of tap water at $19\\degree C$ to ice at $-19\\degree C$ using an ideal Carnot refrigerator, we first need to calculate the heat lost in cooling the water from $19\\degree C$ to $0\\degree C$, converting the water to ice, and cooling the ice from $0\\degree C$ to $-19\\degree C$.\n\nThe heat lost in cooling the water from $19\\degree C$ to $0\\degree C$ can be calculated as:\n\n$Q_{water} = m \\times c_{water} \\Delta T_{water}$\n\nwhere $m = 0.6 kg$, $c_{water} = 4,186 J/kg \\degree C$, and $\\Delta T_{water} = 19\\degree C - 0\\degree C = 19\\degree C$.\n\n$Q_{water} = 0.6 kg \\times 4,186 J/kg\\degree C \\times 19\\degree C = 79,136 J$\n\nThe heat lost in converting the $0.6 kg$ of water to $0.6 kg$ of ice can be calculated as follows:\n\n$Q_{ice} = m \\times L_f$\n\nwhere $m = 0.6 kg, L_f = 333,000 J/kg$.\n\n$Q_{ice} = 0.6 kg \\times 333,000 J/kg = 199,800 J$\n\nThe heat lost in cooling the ice from $0\\degree C$ to $-19\\degree C$ can be calculated as:\n\n$Q_{ice}' = m \\times c_{ice}$ $\\times \\Delta T_{ice}$\n\nwhere $m = 0.6 kg, c_{ice} = 2,090 J/kg\\degree C, \\text{and}$  $\\Delta T_{ice} = 0\\degree C - (-19\\degree C) = 19\\degree C$.\n\n$Q_{ice}' = 0.6 kg \\times 2,090 J/kg\\degree C \\times 19\\degree C = 11,740 J$\n\nThe total heat lost can be calculated as the sum of the heat lost in cooling the water, converting the water to ice, and cooling the ice:\n\n$Q = Q_{water} +Q_{ice} + Q_{ice}' = (79,136 + 199,800+ 11,740) J = 290,676J$\n\nNow calculate work by using the formula,\n\n$W = Q \\times \\eta$\n\nwhere $\\eta$ is the efficiency of the engine given by \n\n$\\eta = 1 - \\frac{T_C}{T_H}$\n\nCalculating the temperature of cold reservoir (freezer) $T_C = T_{ice} + 273 = 254K$ and hot resorvior $T_H = 27 + 273 = 300K$.\n\nSubstituting we get $\\eta = 0.1533$ and $W \\approx 4.45 \\times 10^4J$\n\nFinal answer: The work done by the refrigerator is $W \\approx 4.45 \\times 10^4J$\n""",No Error,clp0px11y000i1as5h4mt88q7,6552611390f5ee167ef420e8,Physics Single Turn 
,655419f58246c1a175ef8af2,"""**Improved answer:** \n\nFaraday's Law of Induction is a fundamental concept in physics that describes the relationship between a changing magnetic field and the resulting electromotive force (EMF) induced in a circuit. The law consists of three main points that are crucial to understanding the phenomenon of electromagnetic induction.\n\nFirstly, the law states that a changing magnetic flux linked to a circuit will induce an EMF in the circuit. The duration of the induced EMF is proportional to the time it takes for the change in magnetic flux to occur. This point highlights the connection between the magnetic field and the EMF, emphasizing that a changing magnetic field is necessary to induce an EMF.\n\n$\\epsilon =- \\frac{d\\phi}{dt} $\n\nSecondly, the magnitude of the induced EMF is directly proportional to the rate of change of the magnetic flux. Mathematically, this can be expressed as:\n\n$\\epsilon = −N\\left|\\frac{\\Delta \\phi}{ \\Delta t}\\right|$\n\nwhere $\\epsilon$ is the induced EMF, $N$ is the number of turns of the coil, $\\Delta \\phi$ is the change in magnetic flux, and $\\Delta t$ is the time it takes for the change to occur. \n\nLastly, Lenz's law, which is a part of Faraday's Law of Induction, states that the polarity of the induced EMF is such that it opposes the change in the magnetic field that produced it. This means that the changing magnetic field determines the direction of the induced current, and its polarity is opposite to the change in the magnetic field.\n\nFinal answer: The three main points of the law are:\n\n1.  A changing magnetic flux linked to a circuit will induce an EMF in the circuit.\n2.  The magnitude of the induced EMF is directly proportional to the rate of change of the magnetic flux.\n3.  The polarity of the induced EMF opposes the change in the magnetic field that produced it.\n\n""",No Error,clp0px1qi025p1asa0mipem18,6552611390f5ee167ef420e8,Physics Single Turn 
,655419f5355eb5e3ad4f4967,"""(a) To determine the average retardation (acceleration), we can use the equation:\n\n$v^{2} = u^{2} + 2as$\n\nwhere $v$ is the final velocity, $u$ is the initial velocity, $a$ is the acceleration (or retardation), and $s$ is the distance covered by the car before coming to rest.\n\nHere as the car comes to rest so final velocity ($v$) is zero and the initial velocity ($u$) is 36 km/h or $u$ = 36\\*1000/3600 = 10 m/s.\n\nPutting these values in the equation, we get:\n\n$0^{2} = 10^{2} +2 * a * 20$\n\n$40 * a = -100$\n\n$a = -100/40$\n\n$a = - 2.5$\n\nTherefore, the average retardation (acceleration) is 2.5 $m/s^{2}$ and the negative sign indicates that the car is slowing down.\n\n(b) The average braking force can be obtained using the following formula:\n\n$F = ma$\n\nNow let us put the values of mass of the car and the obtained value of acceleration, we get:\n\n$F = 1000 * 2.5 kg m/s^{2}$ = $2500 N$\n\nTherefore, the value of braking force is $2500N$.\n\nFinal answer:\n\nThe average retardation of the car is 2.5 $m/s^{2}$ and the force required to stop the car by applying brakes is 2500$N$.\n""","Error: ""Therefore, the average retardation (acceleration) is 2.5 $m/s^{2}$""",clp0px2h800mc1aro00oc3bfw,6552611390f5ee167ef420e8,Physics Single Turn 
,655419f67620487f21cfbd60,"""**Improved answer:**\n\nThe de Broglie wavelength of an electron, λ = 2.1 × $10^{-10}$ m, is given. To determine the voltage needed to accelerate the electron to this speed, we use the equation:\n\nλ = 12.27/√V\n\nwhere V is the voltage and λ is the wavelength in Angstrom.\n\nFirst, we convert the wavelength from meters to Angstrom:\n\nλ = 2.1 × $10^{-10}$ m × (1 Angstrom / $10^{-10}$ m) = 2.1 Angstrom\n\nNow, we can plug in the values and solve for V:\n\n2.1 = 12.27/√V\n\n√V = 12.27/2.1\n\nV = $(12.27/2.1)^{2}$\n\nV = 34.14 V\n\nTherefore, the voltage required to accelerate the electron to the given de Broglie wavelength is 34.14 V.\n\nIt's important to note that the de Broglie wavelength is a measure of the electron's momentum, and as the electron is accelerated, its momentum increases, resulting in a shorter wavelength. This relationship between the electron's velocity and wavelength is the foundation of wave-particle duality, a fundamental concept in quantum mechanics.\n\nFinal answer: The voltage required to accelerate an electron to a de Broglie wavelength of 2.1 × $10^{-10}$ m is 34.14 V.\n""",No Error,clp0px3rm02rv1as64zq9f6tz,6552611390f5ee167ef420e8,Physics Single Turn 
,655419f559747226bd9af830,"""**Improved answer:**\nThe concept behind this solution is the conservation of momentum. Conservation of momentum states that the total momentum before a collision is equal to the total momentum after a collision. (As during collision, the impulse of external force is zero or negligible, so we can conserve the momentum.)\n\nLet's first identify the variables we know:\n\n*   Mass of Ezekiel Elliott: m1 = 92.6 kg\n*   Velocity of Ezekiel Elliott: v1 = 4.7 m/s\n*   Mass of JJ Watt: m2 = 138.0 kg\n*   Velocity of JJ Watt: v2 = -7.4 m/s ( Here we have taken the right direction as positive so leftward velocity will be negative)\n\nWe can now apply the equation for the conservation of linear momentum. As the collision is perfectly inelastic, both bodies will have a common velocity, and suppose it is V. Then:\n\nm1u1 + m2u2 = (m1 + m2)V\n\nSubstituting the given values, we get:\n\n92.6x(*4.7) + 138x*(-7.4) = (92.6 + 138)V\n\nSimplifying and solving for V, we get:\n\nV = -2.541 m/s\n\nTherefore, the final velocity of both Ezekiel Elliott and JJ Watt after the collision is -2.541 m/s.\n\nFinal answer: The final velocity of both Ezekiel Elliott and JJ Watt after the collision is -2.541 m/s, which is calculated using the principle of conservation of momentum.\n""",No Error,clp0px4mb025v1asah5m489wb,6552611390f5ee167ef420e8,Physics Single Turn 
,655419f559747226bd9af832,"""**Improved answer:**\n\nThe work done by the juggler in lifting himself up the ladder can be calculated using the formula for potential energy, which is given by:\n\n$W = mgh$\n\nwhere $W$ is the work done, $m$ is the mass of the juggler, $g$ is the acceleration due to gravity, and $h$ is the height.\n\nFirst, we need to identify the mass of the juggler, which is given as $m = 90 kg$. Next, we need to find the height of the ladder, which is $h = 100.0 m$. Finally, we need to find the acceleration due to gravity, which is $g = 9.8 m/s^2$.\n\nNow, we can plug in the values in the expression $W = mgh$ and calculate the work done:\n\n$W = (90 kg) \\times (9.8 m/s^2) \\times (100 m)$\n\n$\\Rightarrow W = 88,200 J$\n\nTherefore, the work done by the juggler is $88,200 J$.\n\nFinal answer: The work done by the juggler is $88,200 J$.\n""","Error: ""$\\Rightarrow W = 88,200 J$""

Improved answer:

$W = (90 kg) \\",clp0px55r00ol1apm0g9z97ud,6552611390f5ee167ef420e8,Physics Single Turn 
