,Seed_Question,Iteration_1,Iteration_2,Iteration_3,Iteration_4,Iteration_5
0,What is the current AUM managed by GA?,What is the present value of assets under management (AUM) by General Atlantic (GA)?,"What is the present value of assets under management (AUM) by General Atlantic (GA), taking into account the most recent financial data available?",What is the present value of assets under management (AUM) by General Atlantic (GA)?,"What is the current total value of assets under management (AUM) by General Atlantic (GA), taking into account the latest financial reports and market data?",What is the present value of assets under management (AUM) by General Atlantic (GA)?
1,How has Book Value changed between This month and last,How has the Book Value fluctuated from the previous month to this month?,"How has the Book Value fluctuated when comparing the figures from the end of the previous month to the current month's latest available data, taking into account any influencing factors that might have affected the asset's valuation?",What is the difference in Book Value from the previous month to this month?,"Could you analyze the variation in the Book Value of a specified entity from the previous month to the current month, taking into account any contributing factors that might have influenced this change?",How has the Book Value fluctuated from the previous month to the current one?
2,What was the average book yield at the end of 2022 for Ivy Assets,What was the typical return on books for Ivy Assets as of the close of 2022?,"What was the calculated average book yield for Ivy Assets' entire portfolio at the conclusion of the fiscal year 2022, taking into account all asset classes and income-generating investments?",What was the mean return on books for Ivy Assets as of the close of 2022?,"What was the precise average book yield calculated at the conclusion of the fiscal year 2022 for Ivy Assets, taking into account all relevant financial instruments and investment vehicles within their portfolio?",What was the typical return on books for Ivy Assets as of the close of 2022?
3,How has the average book yield changed YTD by Asset class?,How has the average book yield fluctuated year-to-date across different asset classes?,"How has the year-to-date average book yield fluctuated across different asset classes, taking into account variations in fixed income securities, equities, commodities, and real estate investment trusts, and what are the contributing factors to these changes in yield?",How has the average yield on books fluctuated year-to-date across different types of investment assets?,"How has the average book yield fluctuated year-to-date across various asset classes, taking into account the impact of macroeconomic factors, interest rate movements, and geopolitical events on each class?",How has the average book yield fluctuated year-to-date across different asset classes?
4,What is the percentage breakdown of my portfolio by Asset Class,Could you provide a detailed percentage composition of my investment portfolio across different Asset Classes?,"Could you provide a detailed percentage breakdown of my investment portfolio by each asset class, including but not limited to equities, fixed income, commodities, real estate, and cash equivalents, while also considering any alternative investments and delineating the proportion of each within the overall portfolio composition?",Could you provide a detailed percentage composition of my investment portfolio categorized by different Asset Classes?,"Could you provide a detailed percentage breakdown of my investment portfolio by each asset class, including equities, fixed income, commodities, real estate, and any other categories present?",Could you provide a detailed percentage composition of my investment portfolio according to each Asset Class?
5,What have been the month by month changes in AUM since 2017? (not we only have accounting history since CW),"How has the Assets Under Management (AUM) fluctuated on a monthly basis since 2017, given that our accounting records are only available from the commencement of the current fiscal year (CFY)?","Could you provide a detailed analysis of the month-by-month fluctuations in Assets Under Management (AUM) since 2017, taking into account that our accounting records commence from the Calendar Week (CW) in which we initiated tracking?","Could you provide a detailed breakdown of the month-by-month changes in Assets Under Management (AUM) since 2017, noting that our accounting records only date back to the commencement of the current fiscal year?","Could you provide a detailed analysis of the month-by-month fluctuations in Assets Under Management (AUM) since the year 2017, taking into account that our accounting records only commence from the calendar week (CW) when our tracking began?","Could you provide a detailed breakdown of the month-over-month fluctuations in Assets Under Management (AUM) starting from 2017, considering that our accounting records are available from the calendar week (CW) onwards?"
6,What is the notional of CMLs in the Carolina block,What is the notional value of the Credit Market Lines (CMLs) in the Carolina block?,What is the aggregate notional value of the Collateralized Mortgage Liabilities (CMLs) associated with the Carolina block of assets?,What is the notional value of the Collateralized Mortgage Liabilities (CMLs) associated with the Carolina block?,"What is the current notional value of Collateralized Mortgage Liabilities (CMLs) associated with the Carolina block, taking into account the latest financial data available?",What is the aggregate notional value of the Collateralized Mortgage Liabilities within the Carolina portfolio?
7,How many floater securities on SOFR indices?,What is the variety of floating-rate securities indexed to SOFR?,What is the current total number of complex floating-rate securities indexed to the Secured Overnight Financing Rate (SOFR)?,How many diverse floating-rate securities are indexed to SOFR?,What is the current total number of floating-rate securities indexed to the Secured Overnight Financing Rate (SOFR)?,How many different types of floating-rate securities are indexed to SOFR?
8,What is the USD book value of ou non USD assets?,What is the book value in USD of our assets denominated in foreign currencies?,"What is the current United States Dollar-denominated book value of our assets that are held in currencies other than the USD, taking into account the latest exchange rates and any applicable adjustments for foreign currency translation?",What is the book value in US dollars of our assets denominated in foreign currencies?,What is the book value in USD of our assets denominated in foreign currencies?,What is the book value in USD of our assets denominated in foreign currencies?
9,how has the market value of our Credit portfolio changed YTD?,What is the year-to-date variation in the market valuation of our diverse credit portfolio?,"What has been the year-to-date fluctuation in the market valuation of our credit portfolio, taking into account both realized and unrealized gains or losses?",What has been the year-to-date fluctuation in the market valuation of our diverse credit asset portfolio?,How has the year-to-date fluctuation in market conditions impacted the valuation of our credit portfolio when considering both realized and unrealized gains or losses?,What has been the year-to-date fluctuation in the market valuation of our diverse credit portfolio?
10,what is our current book value by currency?,What is the present book value delineated by each type of currency?,What is the present book value delineated by individual currency denominations?,What is the present book value delineated by each type of currency in use?,What is the present book value delineated by each specific currency in our financial records?,What is the present book value delineated by each type of currency?
11,How much exposure do we have to Rail Car assets?,What is the extent of our involvement with a variety of railcar assets?,"What is the extent of our financial exposure to assets in the form of Rail Car holdings, including but not limited to, ownership, leases, and any contingent liabilities associated with such assets?",What is the extent of our involvement with a variety of railcar assets?,"What is the extent of our financial exposure to the assets constituted by our rail car inventory, taking into account both direct ownership and any indirect investments?",What is the extent of our involvement with a variety of railcar assets?
12,what is the Yield Trend of our Airplane assets over past 3 years?,How has the yield performance of our fleet of aircraft varied over the previous three years?,"How has the yield trend of our aviation portfolio, specifically with regards to airplane assets, fluctuated and what are the underlying factors contributing to these changes over the past three years?",How has the profitability trajectory of our aircraft investments fluctuated over the previous three-year period?,"How has the yield trend of our airplane assets fluctuated, considering both macroeconomic factors and industry-specific variables, over the past three years?",How has the yield performance of our fleet of aircraft evolved over the previous three years?
13,What is our YTD Gain/Loss in the Resi sector?,What is our year-to-date profit or deficit in the residential real estate segment?,"What is the current year-to-date (YTD) financial performance, specifically the gains or losses, within the residential real estate sector?",What is the year-to-date profit or deficit in the residential real estate segment?,"What is the current year-to-date (YTD) financial performance, specifically the gains or losses, within the residential real estate sector?",What is the year-to-date profit or deficit in the residential real estate segment?
14,How much exposure do we have that is subject to BSCR?,What is the extent of our exposure that falls under the purview of the BSCR framework?,What is the extent of our exposure that falls under the purview of the Base Solvency Capital Requirement (BSCR)?,What is the extent of our exposure that falls under the purview of the BSCR framework?,What is the extent of our financial exposure that falls under the purview of the Base Solvency Capital Requirement (BSCR) framework?,What is the extent of our exposure that falls under the purview of the BSCR framework?
15,what is the book value of assets expiring in 2024?,What is the estimated value of assets on the books that are due to depreciate fully by the year 2024?,"What is the calculated book value of the company's depreciable assets that are scheduled for expiration in the fiscal year 2024, taking into account accumulated depreciation up to the end of the current fiscal period?",What is the recorded net value of assets scheduled for expiration in the year 2024?,"What is the calculated book value of the company's depreciable assets that are scheduled for expiration in the fiscal year 2024, taking into account accumulated depreciation up to the end of the current fiscal period?",What is the valuation of resources scheduled for depletion in the year 2024?
16,What is the book value and average yield for all our FLIC assets?,Could you provide the book value and the mean yield for our entire portfolio of FLIC holdings?,"Could you provide a detailed breakdown of the book value and compute the average yield for our entire portfolio of FLIC (First of Long Island Corporation) assets, taking into account the most recent financial data?",What is the book value and average yield for our entire portfolio of FLIC holdings?,"Could you provide a detailed breakdown of the book value and calculate the average yield for our entire portfolio of FLIC (First of Long Island Corporation) assets, taking into account the most recent financial statements and market data?",What is the recorded net value and the mean return rate for our entire portfolio of FLIC holdings?
17,Provide a breakdown of AUM by GL ledger code,Could you provide a distribution of assets under management (AUM) categorized by General Ledger (GL) account code?,"Could you provide a detailed analysis of assets under management (AUM) categorized according to the General Ledger (GL) accounting codes, including a comprehensive breakdown for each code?",Could you provide a distribution of Assets Under Management (AUM) categorized by General Ledger (GL) account code?,"Could you provide a detailed analysis of Assets Under Management (AUM) categorized according to the General Ledger (GL) codes, including a comprehensive breakdown of each code's corresponding AUM figures?",Could you present a distribution of assets under management (AUM) categorized according to the General Ledger (GL) account codes?
18,What is our exposure broken down by NAIC designation?,How is our exposure distributed across different NAIC classifications?,Could you provide a detailed breakdown of our exposure segmented by each specific National Association of Insurance Commissioners (NAIC) designation level?,How is our exposure distributed across different NAIC classifications?,How is our exposure delineated when analyzed according to each specific classification within the National Association of Insurance Commissioners (NAIC) designations?,How is our exposure distributed across different NAIC classifications?
19,What are the top 10 deals by AUM?,What are the top 10 investment deals ranked by assets under management (AUM) across various asset classes and markets?,"What are the top 10 asset management deals ranked by assets under management (AUM), including the names of the acquiring and acquired companies, the deal value, and the date of completion for each transaction?",What are the top 10 investment transactions ranked by assets under management (AUM) across various asset classes and markets?,"What are the top 10 asset management deals ranked by assets under management (AUM), including the names of the acquiring and acquired companies, the deal value, and the date of completion for each transaction?",What are the top 10 transactions by assets under management (AUM) across various asset classes and sectors?
20,Which deals have the best performing yield?,Which investments offer the highest and most diverse yields?,"Which types of investment deals are currently offering the highest yield performance, taking into account their respective risk profiles and market conditions?",Which transactions offer the most advantageous returns across various asset classes?,Which financial instruments currently offer the highest yield performance given prevailing market conditions?,Which transactions offer the most advantageous yields across various asset classes?
21,What is the average duration by legal entity?,What is the typical length of existence for various types of legal organizations?,"What is the mean duration of existence for various types of legal entities, taking into account their respective jurisdictions and founding dates?",What is the typical length of existence for various types of legal entities?,What is the typical time span associated with the existence or operational period of various types of legal entities?,What is the typical length of existence for various types of legal entities?
22,What is the YTD OAS Trend for credit products broken down by L2?,"Could you provide an overview of the year-to-date Option-Adjusted Spread (OAS) trajectory for various credit instruments, disaggregated by Level 2 categories?","Could you provide an analysis of the year-to-date Option-Adjusted Spread (OAS) trend for various credit products, disaggregated by Level 2 sectors, and include a comparative assessment of the observed movements within each category?",How has the Year-to-Date Option-Adjusted Spread (OAS) evolved across various Level 2 credit asset classes?,"Could you provide a detailed analysis of the year-to-date trend in Option-Adjusted Spread (OAS) for various credit products, disaggregated by Level 2 sector classifications?",How has the Year-To-Date Option-Adjusted Spread (OAS) evolved across various Level 2 credit asset categories?
23,What is the open accrued balances by core level 1?,What are the outstanding accrued balances at the primary core level?,What are the detailed open accrued balances segregated by core level 1 categories?,What are the outstanding accrued balances at the primary core level?,What are the detailed open accrued balances segregated by each category within core level 1?,What are the outstanding accrued balances at the primary core level?
24,how many distinct assets are rated by Egan Jones?,How many unique securities have received ratings from Egan-Jones?,What is the total number of unique financial instruments that have been assigned credit ratings by Egan-Jones Rating Company?,How many unique securities have received ratings from Egan-Jones?,How many unique financial instruments have been assigned credit ratings by Egan-Jones Rating Company?,How many unique assets have received ratings from Egan-Jones?
25,What is our current exposure to internal securitizations by core l1?,How extensive is our current engagement with internal securitization processes managed by primary layer 1 entities?,What is the extent of our current exposure to the internal securitizations facilitated by core Layer 1 protocols?,What is the extent of our current engagement with internal securitizations facilitated by primary layer 1 entities?,What is the present extent of our exposure to internal securitization mechanisms employed by core Layer 1 protocols?,How extensive is our current engagement with internal securitization processes managed by primary layer 1 entities?
26,What is the trend of Book Value versus Book Yield in the past 5 years?,How has the comparison between Book Value and Book Yield evolved over the recent five-year period?,"How has the trend of Book Value compared to Book Yield evolved over the past five years, taking into account fluctuations in financial markets and accounting practices?",How has the Book Value trended in comparison to the Book Yield over the previous five years?,"How has the trend of Book Value compared to Book Yield evolved over the past five years, taking into account fluctuations in financial markets and changes in accounting standards?",How has the comparison between Book Value and Book Yield evolved over the recent five-year period?
27,which positions have we lost money on in 2023?,Which investments have resulted in financial losses for us in 2023?,"In which specific financial positions has our portfolio experienced a net loss during the fiscal year of 2023, taking into account all relevant transactions and market fluctuations?",Which investments have resulted in financial losses for us in 2023?,"Which specific investment positions have resulted in a financial deficit for us in the fiscal year 2023, taking into account both realized and unrealized losses across our entire portfolio?",Which investments have resulted in financial losses for us in 2023?
28,which portfolios contain cusip 000825AE9?,In which variety of investment portfolios can one find the CUSIP 000825AE9?,"In which specific investment portfolios can one find the security identified by CUSIP number 000825AE9, considering a comprehensive range of asset management entities and individual holdings?",In which variety of investment portfolios can one find the CUSIP 000825AE9?,"In which specific investment portfolios can one find the security identified by the CUSIP number 000825AE9, taking into account the various types of asset management strategies and the range of possible investment vehicles that might hold such a security?",In which variety of investment portfolios can one find the CUSIP 000825AE9?
29,what double AA assets do we own?,What variety of assets with an AA rating do we possess?,What are the various double 'A' rated assets currently held within our investment portfolio?,What variety of assets with a double 'A' rating do we possess?,Could you provide a detailed inventory of the assets currently held within our portfolio that are categorized under the AA rating classification?,What variety of assets do we possess that are categorized under the AA classification?
